DATE_TIME,AMBIENT_TEMPERATURE,IRRADIATION,HOUR,MINUTE,DAY_OF_WEEK,IS_DAYLIGHT,MODULE_TEMPERATURE,DC_POWER,INVERTER_IDs_1BY6WEcLGh8j5v7,INVERTER_IDs_1IF53ai7Xc0U56Y,INVERTER_IDs_3PZuoBAID5Wc2HD,INVERTER_IDs_7JYdWkrLSPkdwr4,INVERTER_IDs_McdE0feGgRqW7Ca,INVERTER_IDs_VHMLBKoKgIrUVDU,INVERTER_IDs_WRmjgnKYAwPKWDb,INVERTER_IDs_YxYtjZvoooNbGkE,INVERTER_IDs_ZnxXDlPa8U1GXgE,INVERTER_IDs_ZoEaEvLYb1n2sOq,INVERTER_IDs_adLQvlD726eNBSB,INVERTER_IDs_bvBOhCH3iADSZry,INVERTER_IDs_iCRJl6heRkivqQ3,INVERTER_IDs_ih0vzX44oOqAx2f,INVERTER_IDs_pkci93gMrogZuBj,INVERTER_IDs_rGa61gmuvPhdLxV,INVERTER_IDs_sjndEbLyjtCKgGv,INVERTER_IDs_uHbuxQJl8lW7ozc,INVERTER_IDs_wCURE6d3bPkepu2,INVERTER_IDs_z9Y9gH1T5YWrNuG,INVERTER_IDs_zBIq5rxdHJRwDNY,INVERTER_IDs_zVJPv84UY57bAof,PREDICTED_AC
2025-06-16 00:00:00,25.0,0.0,0,0,0,0,23.70817590439119,1.2498324,1,0,0,0,0,0,0,0,0,0,0,0,0,0,0,0,0,0,0,0,0,0,0.0
2025-06-16 00:15:00,24.85,0.0,0,15,0,0,23.528844500696604,1.2498324,1,0,0,0,0,0,0,0,0,0,0,0,0,0,0,0,0,0,0,0,0,0,0.0
2025-06-16 00:30:00,24.7,0.0,0,30,0,0,23.34951309700201,1.2498324,1,0,0,0,0,0,0,0,0,0,0,0,0,0,0,0,0,0,0,0,0,0,0.0
2025-06-16 00:45:00,24.549999999999997,0.0,0,45,0,0,23.170181693307416,1.2498324,1,0,0,0,0,0,0,0,0,0,0,0,0,0,0,0,0,0,0,0,0,0,0.0
2025-06-16 01:00:00,24.4,0.0,1,0,0,0,22.990850289612826,1.2498324,1,0,0,0,0,0,0,0,0,0,0,0,0,0,0,0,0,0,0,0,0,0,0.0
2025-06-16 01:15:00,24.325,0.0,1,15,0,0,22.90118458776553,1.2498324,1,0,0,0,0,0,0,0,0,0,0,0,0,0,0,0,0,0,0,0,0,0,0.0
2025-06-16 01:30:00,24.25,0.0,1,30,0,0,22.81151888591824,1.2498324,1,0,0,0,0,0,0,0,0,0,0,0,0,0,0,0,0,0,0,0,0,0,0.0
2025-06-16 01:45:00,24.175,0.0,1,45,0,0,22.721853184070945,1.2498324,1,0,0,0,0,0,0,0,0,0,0,0,0,0,0,0,0,0,0,0,0,0,0.0
2025-06-16 02:00:00,24.1,0.0,2,0,0,0,22.63218748222365,1.2498324,1,0,0,0,0,0,0,0,0,0,0,0,0,0,0,0,0,0,0,0,0,0,0.0
2025-06-16 02:15:00,24.075000000000003,0.0,2,15,0,0,22.60229891494122,1.2498324,1,0,0,0,0,0,0,0,0,0,0,0,0,0,0,0,0,0,0,0,0,0,0.0
2025-06-16 02:30:00,24.05,0.0,2,30,0,0,22.572410347658785,1.2498324,1,0,0,0,0,0,0,0,0,0,0,0,0,0,0,0,0,0,0,0,0,0,0.0
2025-06-16 02:45:00,24.025,0.0,2,45,0,0,22.54252178037635,1.2498324,1,0,0,0,0,0,0,0,0,0,0,0,0,0,0,0,0,0,0,0,0,0,0.0
2025-06-16 03:00:00,24.0,0.0,3,0,0,0,22.51263321309392,1.2498324,1,0,0,0,0,0,0,0,0,0,0,0,0,0,0,0,0,0,0,0,0,0,0.0
2025-06-16 03:15:00,23.975,0.0,3,15,0,0,22.48274464581149,1.2498324,1,0,0,0,0,0,0,0,0,0,0,0,0,0,0,0,0,0,0,0,0,0,0.0
2025-06-16 03:30:00,23.95,0.0,3,30,0,0,22.452856078529056,1.2498324,1,0,0,0,0,0,0,0,0,0,0,0,0,0,0,0,0,0,0,0,0,0,0.0
2025-06-16 03:45:00,23.924999999999997,0.0,3,45,0,0,22.422967511246622,1.2498324,1,0,0,0,0,0,0,0,0,0,0,0,0,0,0,0,0,0,0,0,0,0,0.0
2025-06-16 04:00:00,23.9,0.0,4,0,0,0,22.39307894396419,1.2498324,1,0,0,0,0,0,0,0,0,0,0,0,0,0,0,0,0,0,0,0,0,0,0.0
2025-06-16 04:15:00,23.849999999999998,0.0,4,15,0,0,22.333301809399327,1.2498324,1,0,0,0,0,0,0,0,0,0,0,0,0,0,0,0,0,0,0,0,0,0,0.0
2025-06-16 04:30:00,23.799999999999997,0.0,4,30,0,0,22.273524674834462,1.2498324,1,0,0,0,0,0,0,0,0,0,0,0,0,0,0,0,0,0,0,0,0,0,0.0
2025-06-16 04:45:00,23.75,0.0,4,45,0,0,22.2137475402696,1.2498324,1,0,0,0,0,0,0,0,0,0,0,0,0,0,0,0,0,0,0,0,0,0,0.0
2025-06-16 05:00:00,23.7,0.0,5,0,0,0,22.153970405704737,1.2498324,1,0,0,0,0,0,0,0,0,0,0,0,0,0,0,0,0,0,0,0,0,0,0.0
2025-06-16 05:15:00,23.675,0.000875,5,15,0,0,22.14988612455159,1.2498324,1,0,0,0,0,0,0,0,0,0,0,0,0,0,0,0,0,0,0,0,0,0,0.0
2025-06-16 05:30:00,23.65,0.00175,5,30,0,0,22.14580184339843,1.2498324,1,0,0,0,0,0,0,0,0,0,0,0,0,0,0,0,0,0,0,0,0,0,0.0
2025-06-16 05:45:00,23.625,0.002625,5,45,0,0,22.141717562245283,1.2498324,1,0,0,0,0,0,0,0,0,0,0,0,0,0,0,0,0,0,0,0,0,0,0.0
2025-06-16 06:00:00,23.6,0.0035,6,0,0,1,22.137633281092132,11.582072,1,0,0,0,0,0,0,0,0,0,0,0,0,0,0,0,0,0,0,0,0,0,1.1150178571300005
2025-06-16 06:15:00,23.725,0.0091875,6,15,0,1,22.454803977344604,104.3159,1,0,0,0,0,0,0,0,0,0,0,0,0,0,0,0,0,0,0,0,0,0,10.071285713919996
2025-06-16 06:30:00,23.85,0.014875,6,30,0,1,22.77197467359708,198.33844,1,0,0,0,0,0,0,0,0,0,0,0,0,0,0,0,0,0,0,0,0,0,19.149660715799985
2025-06-16 06:45:00,23.975,0.0205625,6,45,0,1,23.089145369849554,274.29446,1,0,0,0,0,0,0,0,0,0,0,0,0,0,0,0,0,0,0,0,0,0,26.48347619030001
2025-06-16 07:00:00,24.1,0.02625,7,0,0,1,23.406316066102026,326.13196,1,0,0,0,0,0,0,0,0,0,0,0,0,0,0,0,0,0,0,0,0,0,31.49203571629999
2025-06-16 07:15:00,24.375,0.0338125,7,15,0,1,23.958113064897542,465.70868,1,0,0,0,0,0,0,0,0,0,0,0,0,0,0,0,0,0,0,0,0,0,45.05969642839998
2025-06-16 07:30:00,24.65,0.041375,7,30,0,1,24.509910063693063,598.57825,1,0,0,0,0,0,0,0,0,0,0,0,0,0,0,0,0,0,0,0,0,0,57.94616071290004
2025-06-16 07:45:00,24.925,0.0489375,7,45,0,1,25.061707062488587,709.66187,1,0,0,0,0,0,0,0,0,0,0,0,0,0,0,0,0,0,0,0,0,0,68.77583928560001
2025-06-16 08:00:00,25.2,0.0565,8,0,0,1,25.613504061284104,818.8898,1,0,0,0,0,0,0,0,0,0,0,0,0,0,0,0,0,0,0,0,0,0,79.47439285720009
2025-06-16 08:15:00,25.425,0.06525,8,15,0,1,26.140544028118782,977.37885,1,0,0,0,0,0,0,0,0,0,0,0,0,0,0,0,0,0,0,0,0,0,94.94780357169999
2025-06-16 08:30:00,25.65,0.074,8,30,0,1,26.66758399495346,1079.1112,1,0,0,0,0,0,0,0,0,0,0,0,0,0,0,0,0,0,0,0,0,0,104.86826785999997
2025-06-16 08:45:00,25.875,0.08275,8,45,0,1,27.19462396178814,1199.3094,1,0,0,0,0,0,0,0,0,0,0,0,0,0,0,0,0,0,0,0,0,0,116.56473214199988
2025-06-16 09:00:00,26.1,0.0915,9,0,0,1,27.721663928622824,1398.6068,1,0,0,0,0,0,0,0,0,0,0,0,0,0,0,0,0,0,0,0,0,0,136.378921433
2025-06-16 09:15:00,26.225,0.0889375,9,15,0,1,27.795537069942093,1334.1707,1,0,0,0,0,0,0,0,0,0,0,0,0,0,0,0,0,0,0,0,0,0,129.93051786099994
2025-06-16 09:30:00,26.35,0.086375,9,30,0,1,27.86941021126136,1336.8927,1,0,0,0,0,0,0,0,0,0,0,0,0,0,0,0,0,0,0,0,0,0,130.17400000299997
2025-06-16 09:45:00,26.475,0.0838125,9,45,0,1,27.94328335258063,1244.4557,1,0,0,0,0,0,0,0,0,0,0,0,0,0,0,0,0,0,0,0,0,0,121.13712499300003
2025-06-16 10:00:00,26.6,0.08125,10,0,0,1,28.017156493899897,1259.4923,1,0,0,0,0,0,0,0,0,0,0,0,0,0,0,0,0,0,0,0,0,0,122.47066071000006
2025-06-16 10:15:00,26.875,0.0881875,10,15,0,1,28.550521859745935,1354.3386,1,0,0,0,0,0,0,0,0,0,0,0,0,0,0,0,0,0,0,0,0,0,132.172910721
2025-06-16 10:30:00,27.15,0.095125,10,30,0,1,29.083887225591972,1450.3857,1,0,0,0,0,0,0,0,0,0,0,0,0,0,0,0,0,0,0,0,0,0,141.32537500099997
2025-06-16 10:45:00,27.425,0.1020625,10,45,0,1,29.617252591438003,1559.1958,1,0,0,0,0,0,0,0,0,0,0,0,0,0,0,0,0,0,0,0,0,0,152.36346428299998
2025-06-16 11:00:00,27.7,0.109,11,0,0,1,30.15061795728404,1605.4097,1,0,0,0,0,0,0,0,0,0,0,0,0,0,0,0,0,0,0,0,0,0,156.99141070899975
2025-06-16 11:15:00,27.925,0.11325,11,15,0,1,30.544950166882423,1745.6527,1,0,0,0,0,0,0,0,0,0,0,0,0,0,0,0,0,0,0,0,0,0,171.06578571199995
2025-06-16 11:30:00,28.15,0.1175,11,30,0,1,30.93928237648081,1810.1533,1,0,0,0,0,0,0,0,0,0,0,0,0,0,0,0,0,0,0,0,0,0,177.35400000599998
2025-06-16 11:45:00,28.375,0.12175,11,45,0,1,31.333614586079193,1789.9874,1,0,0,0,0,0,0,0,0,0,0,0,0,0,0,0,0,0,0,0,0,0,175.32344642899997
2025-06-16 12:00:00,28.6,0.126,12,0,0,1,31.727946795677582,1898.8376,1,0,0,0,0,0,0,0,0,0,0,0,0,0,0,0,0,0,0,0,0,0,186.15083928700008
2025-06-16 12:15:00,28.650000000000002,0.1233125,12,15,0,1,31.708467908559662,1829.3577,1,0,0,0,0,0,0,0,0,0,0,0,0,0,0,0,0,0,0,0,0,0,179.17008928100003
2025-06-16 12:30:00,28.700000000000003,0.120625,12,30,0,1,31.688989021441742,1829.3577,1,0,0,0,0,0,0,0,0,0,0,0,0,0,0,0,0,0,0,0,0,0,179.192339282
2025-06-16 12:45:00,28.75,0.1179375,12,45,0,1,31.669510134323808,1817.0588,1,0,0,0,0,0,0,0,0,0,0,0,0,0,0,0,0,0,0,0,0,0,178.07164285599993
2025-06-16 13:00:00,28.8,0.11525,13,0,0,1,31.650031247205888,1780.4286,1,0,0,0,0,0,0,0,0,0,0,0,0,0,0,0,0,0,0,0,0,0,174.41630356599993
2025-06-16 13:15:00,28.55,0.1120625,13,15,0,1,31.257144246339195,1743.182,1,0,0,0,0,0,0,0,0,0,0,0,0,0,0,0,0,0,0,0,0,0,170.83012501599998
2025-06-16 13:30:00,28.3,0.108875,13,30,0,1,30.8642572454725,1512.8882,1,0,0,0,0,0,0,0,0,0,0,0,0,0,0,0,0,0,0,0,0,0,147.75357856399987
2025-06-16 13:45:00,28.05,0.1056875,13,45,0,1,30.471370244605808,1527.8888,1,0,0,0,0,0,0,0,0,0,0,0,0,0,0,0,0,0,0,0,0,0,149.31074286399996
2025-06-16 14:00:00,27.8,0.1025,14,0,0,1,30.07848324373912,1595.9211,1,0,0,0,0,0,0,0,0,0,0,0,0,0,0,0,0,0,0,0,0,0,156.003642864
2025-06-16 14:15:00,27.775,0.0926875,14,15,0,1,29.759218039149772,1391.8007,1,0,0,0,0,0,0,0,0,0,0,0,0,0,0,0,0,0,0,0,0,0,135.609464279
2025-06-16 14:30:00,27.75,0.082875,14,30,0,1,29.439952834560422,1202.0546,1,0,0,0,0,0,0,0,0,0,0,0,0,0,0,0,0,0,0,0,0,0,116.93623213799988
2025-06-16 14:45:00,27.725,0.0730625,14,45,0,1,29.12068762997108,1075.1725,1,0,0,0,0,0,0,0,0,0,0,0,0,0,0,0,0,0,0,0,0,0,104.48510716100003
2025-06-16 15:00:00,27.7,0.06325,15,0,0,1,28.801422425381723,970.03766,1,0,0,0,0,0,0,0,0,0,0,0,0,0,0,0,0,0,0,0,0,0,94.18828571449994
2025-06-16 15:15:00,27.525,0.055125,15,15,0,1,28.352591226061392,845.37634,1,0,0,0,0,0,0,0,0,0,0,0,0,0,0,0,0,0,0,0,0,0,82.03258928479994
2025-06-16 15:30:00,27.35,0.047,15,30,0,1,27.903760026741068,694.45166,1,0,0,0,0,0,0,0,0,0,0,0,0,0,0,0,0,0,0,0,0,0,67.29753571420005
2025-06-16 15:45:00,27.175,0.038875,15,45,0,1,27.454928827420737,563.551,1,0,0,0,0,0,0,0,0,0,0,0,0,0,0,0,0,0,0,0,0,0,54.513500000200004
2025-06-16 16:00:00,27.0,0.03075,16,0,0,1,27.006097628100406,420.97586,1,0,0,0,0,0,0,0,0,0,0,0,0,0,0,0,0,0,0,0,0,0,40.7095714284
2025-06-16 16:15:00,26.825,0.02975,16,15,0,1,26.76738704440421,426.08963,1,0,0,0,0,0,0,0,0,0,0,0,0,0,0,0,0,0,0,0,0,0,41.16519047609999
2025-06-16 16:30:00,26.65,0.02875,16,30,0,1,26.528676460708006,381.14343,1,0,0,0,0,0,0,0,0,0,0,0,0,0,0,0,0,0,0,0,0,0,36.85896428579995
2025-06-16 16:45:00,26.475,0.02775,16,45,0,1,26.28996587701181,381.14343,1,0,0,0,0,0,0,0,0,0,0,0,0,0,0,0,0,0,0,0,0,0,36.86071428569995
2025-06-16 17:00:00,26.3,0.02675,17,0,0,1,26.051255293315613,371.11594,1,0,0,0,0,0,0,0,0,0,0,0,0,0,0,0,0,0,0,0,0,0,35.87955357109998
2025-06-16 17:15:00,26.175,0.022375,17,15,0,1,25.772791026257057,305.38873,1,0,0,0,0,0,0,0,0,0,0,0,0,0,0,0,0,0,0,0,0,0,29.49378571450001
2025-06-16 17:30:00,26.05,0.018,17,30,0,1,25.4943267591985,198.68831,1,0,0,0,0,0,0,0,0,0,0,0,0,0,0,0,0,0,0,0,0,0,19.073857144099996
2025-06-16 17:45:00,25.925,0.013625,17,45,0,1,25.215862492139944,198.68831,1,0,0,0,0,0,0,0,0,0,0,0,0,0,0,0,0,0,0,0,0,0,19.024089286799995
2025-06-16 18:00:00,25.8,0.00925,18,0,0,1,24.937398225081388,105.830795,1,0,0,0,0,0,0,0,0,0,0,0,0,0,0,0,0,0,0,0,0,0,10.209946428599995
2025-06-16 18:15:00,25.7,0.0070625,18,15,0,1,24.75333324062846,70.54723,1,0,0,0,0,0,0,0,0,0,0,0,0,0,0,0,0,0,0,0,0,0,6.828196428739997
2025-06-16 18:30:00,25.6,0.004875,18,30,0,1,24.56926825617554,24.104538,1,0,0,0,0,0,0,0,0,0,0,0,0,0,0,0,0,0,0,0,0,0,2.3214999999999977
2025-06-16 18:45:00,25.5,0.0026875,18,45,0,1,24.385203271722617,1.5143647,1,0,0,0,0,0,0,0,0,0,0,0,0,0,0,0,0,0,0,0,0,0,0.0
2025-06-16 19:00:00,25.4,0.0005,19,0,0,0,24.20113828726969,1.5143647,1,0,0,0,0,0,0,0,0,0,0,0,0,0,0,0,0,0,0,0,0,0,0.0
2025-06-16 19:15:00,25.375,0.000375,19,15,0,0,24.16756339339736,1.5143647,1,0,0,0,0,0,0,0,0,0,0,0,0,0,0,0,0,0,0,0,0,0,0.0
2025-06-16 19:30:00,25.35,0.00025,19,30,0,0,24.13398849952503,1.5143647,1,0,0,0,0,0,0,0,0,0,0,0,0,0,0,0,0,0,0,0,0,0,0.0
2025-06-16 19:45:00,25.325,0.000125,19,45,0,0,24.1004136056527,1.5143647,1,0,0,0,0,0,0,0,0,0,0,0,0,0,0,0,0,0,0,0,0,0,0.0
2025-06-16 20:00:00,25.3,0.0,20,0,0,0,24.066838711780374,1.5143647,1,0,0,0,0,0,0,0,0,0,0,0,0,0,0,0,0,0,0,0,0,0,0.0
2025-06-16 20:15:00,25.2,0.0,20,15,0,0,23.947284442650645,1.5143647,1,0,0,0,0,0,0,0,0,0,0,0,0,0,0,0,0,0,0,0,0,0,0.0
2025-06-16 20:30:00,25.1,0.0,20,30,0,0,23.82773017352092,1.5059686,1,0,0,0,0,0,0,0,0,0,0,0,0,0,0,0,0,0,0,0,0,0,0.0
2025-06-16 20:45:00,25.0,0.0,20,45,0,0,23.70817590439119,1.5059686,1,0,0,0,0,0,0,0,0,0,0,0,0,0,0,0,0,0,0,0,0,0,0.0
2025-06-16 21:00:00,24.9,0.0,21,0,0,0,23.588621635261465,1.5059686,1,0,0,0,0,0,0,0,0,0,0,0,0,0,0,0,0,0,0,0,0,0,0.0
2025-06-16 21:15:00,24.799999999999997,0.0,21,15,0,0,23.469067366131735,1.5059686,1,0,0,0,0,0,0,0,0,0,0,0,0,0,0,0,0,0,0,0,0,0,0.0
2025-06-16 21:30:00,24.7,0.0,21,30,0,0,23.34951309700201,1.5059686,1,0,0,0,0,0,0,0,0,0,0,0,0,0,0,0,0,0,0,0,0,0,0.0
2025-06-16 21:45:00,24.6,0.0,21,45,0,0,23.229958827872284,1.5059686,1,0,0,0,0,0,0,0,0,0,0,0,0,0,0,0,0,0,0,0,0,0,0.0
2025-06-16 22:00:00,24.5,0.0,22,0,0,0,23.110404558742555,1.5059686,1,0,0,0,0,0,0,0,0,0,0,0,0,0,0,0,0,0,0,0,0,0,0.0
2025-06-16 22:15:00,24.45,0.0,22,15,0,0,23.05062742417769,1.5059686,1,0,0,0,0,0,0,0,0,0,0,0,0,0,0,0,0,0,0,0,0,0,0.0
2025-06-16 22:30:00,24.4,0.0,22,30,0,0,22.990850289612826,1.5059686,1,0,0,0,0,0,0,0,0,0,0,0,0,0,0,0,0,0,0,0,0,0,0.0
2025-06-16 22:45:00,24.35,0.0,22,45,0,0,22.93107315504797,1.5059686,1,0,0,0,0,0,0,0,0,0,0,0,0,0,0,0,0,0,0,0,0,0,0.0
2025-06-16 23:00:00,24.3,0.0,23,0,0,0,22.871296020483104,1.5059686,1,0,0,0,0,0,0,0,0,0,0,0,0,0,0,0,0,0,0,0,0,0,0.0
2025-06-16 23:15:00,24.25,0.0,23,15,0,0,22.81151888591824,1.5059686,1,0,0,0,0,0,0,0,0,0,0,0,0,0,0,0,0,0,0,0,0,0,0.0
2025-06-16 23:30:00,24.200000000000003,0.0,23,30,0,0,22.75174175135338,1.5059686,1,0,0,0,0,0,0,0,0,0,0,0,0,0,0,0,0,0,0,0,0,0,0.0
2025-06-16 23:45:00,24.150000000000002,0.0,23,45,0,0,22.691964616788514,1.5059686,1,0,0,0,0,0,0,0,0,0,0,0,0,0,0,0,0,0,0,0,0,0,0.0
2025-06-17 00:00:00,24.1,0.0,0,0,1,0,22.63218748222365,1.2498324,1,0,0,0,0,0,0,0,0,0,0,0,0,0,0,0,0,0,0,0,0,0,0.0
2025-06-17 00:15:00,24.075000000000003,0.0,0,15,1,0,22.60229891494122,1.2498324,1,0,0,0,0,0,0,0,0,0,0,0,0,0,0,0,0,0,0,0,0,0,0.0
2025-06-17 00:30:00,24.05,0.0,0,30,1,0,22.572410347658785,1.2498324,1,0,0,0,0,0,0,0,0,0,0,0,0,0,0,0,0,0,0,0,0,0,0.0
2025-06-17 00:45:00,24.025,0.0,0,45,1,0,22.54252178037635,1.2498324,1,0,0,0,0,0,0,0,0,0,0,0,0,0,0,0,0,0,0,0,0,0,0.0
2025-06-17 01:00:00,24.0,0.0,1,0,1,0,22.51263321309392,1.2498324,1,0,0,0,0,0,0,0,0,0,0,0,0,0,0,0,0,0,0,0,0,0,0.0
2025-06-17 01:15:00,23.95,0.0,1,15,1,0,22.452856078529056,1.2498324,1,0,0,0,0,0,0,0,0,0,0,0,0,0,0,0,0,0,0,0,0,0,0.0
2025-06-17 01:30:00,23.9,0.0,1,30,1,0,22.39307894396419,1.2498324,1,0,0,0,0,0,0,0,0,0,0,0,0,0,0,0,0,0,0,0,0,0,0.0
2025-06-17 01:45:00,23.85,0.0,1,45,1,0,22.33330180939933,1.2498324,1,0,0,0,0,0,0,0,0,0,0,0,0,0,0,0,0,0,0,0,0,0,0.0
2025-06-17 02:00:00,23.8,0.0,2,0,1,0,22.273524674834466,1.2498324,1,0,0,0,0,0,0,0,0,0,0,0,0,0,0,0,0,0,0,0,0,0,0.0
2025-06-17 02:15:00,23.7,0.0,2,15,1,0,22.153970405704737,1.2498324,1,0,0,0,0,0,0,0,0,0,0,0,0,0,0,0,0,0,0,0,0,0,0.0
2025-06-17 02:30:00,23.6,0.0,2,30,1,0,22.034416136575015,1.2498324,1,0,0,0,0,0,0,0,0,0,0,0,0,0,0,0,0,0,0,0,0,0,0.0
2025-06-17 02:45:00,23.5,0.0,2,45,1,0,21.914861867445286,1.2498324,1,0,0,0,0,0,0,0,0,0,0,0,0,0,0,0,0,0,0,0,0,0,0.0
2025-06-17 03:00:00,23.4,0.0,3,0,1,0,21.795307598315556,1.2498324,1,0,0,0,0,0,0,0,0,0,0,0,0,0,0,0,0,0,0,0,0,0,0.0
2025-06-17 03:15:00,23.375,0.0,3,15,1,0,21.765419031033126,1.2498324,1,0,0,0,0,0,0,0,0,0,0,0,0,0,0,0,0,0,0,0,0,0,0.0
2025-06-17 03:30:00,23.35,0.0,3,30,1,0,21.735530463750695,1.2498324,1,0,0,0,0,0,0,0,0,0,0,0,0,0,0,0,0,0,0,0,0,0,0.0
2025-06-17 03:45:00,23.325,0.0,3,45,1,0,21.70564189646826,1.2498324,1,0,0,0,0,0,0,0,0,0,0,0,0,0,0,0,0,0,0,0,0,0,0.0
2025-06-17 04:00:00,23.3,0.0,4,0,1,0,21.67575332918583,1.2498324,1,0,0,0,0,0,0,0,0,0,0,0,0,0,0,0,0,0,0,0,0,0,0.0
2025-06-17 04:15:00,23.325,0.0,4,15,1,0,21.70564189646826,1.2498324,1,0,0,0,0,0,0,0,0,0,0,0,0,0,0,0,0,0,0,0,0,0,0.0
2025-06-17 04:30:00,23.35,0.0,4,30,1,0,21.735530463750695,1.2498324,1,0,0,0,0,0,0,0,0,0,0,0,0,0,0,0,0,0,0,0,0,0,0.0
2025-06-17 04:45:00,23.375,0.0,4,45,1,0,21.765419031033126,1.2498324,1,0,0,0,0,0,0,0,0,0,0,0,0,0,0,0,0,0,0,0,0,0,0.0
2025-06-17 05:00:00,23.4,0.0,5,0,1,0,21.795307598315556,1.2498324,1,0,0,0,0,0,0,0,0,0,0,0,0,0,0,0,0,0,0,0,0,0,0.0
2025-06-17 05:15:00,23.424999999999997,0.0006875,5,15,1,0,21.84547096184242,1.2498324,1,0,0,0,0,0,0,0,0,0,0,0,0,0,0,0,0,0,0,0,0,0,0.0
2025-06-17 05:30:00,23.45,0.001375,5,30,1,0,21.89563432536929,1.2498324,1,0,0,0,0,0,0,0,0,0,0,0,0,0,0,0,0,0,0,0,0,0,0.0
2025-06-17 05:45:00,23.475,0.0020625,5,45,1,0,21.945797688896157,1.2498324,1,0,0,0,0,0,0,0,0,0,0,0,0,0,0,0,0,0,0,0,0,0,0.0
2025-06-17 06:00:00,23.5,0.00275,6,0,1,1,21.99596105242302,1.2498324,1,0,0,0,0,0,0,0,0,0,0,0,0,0,0,0,0,0,0,0,0,0,0.0
2025-06-17 06:15:00,23.575,0.005125,6,15,1,1,22.15566695947836,16.161293,1,0,0,0,0,0,0,0,0,0,0,0,0,0,0,0,0,0,0,0,0,0,1.3564821428500002
2025-06-17 06:30:00,23.65,0.0075,6,30,1,1,22.315372866533693,63.345295,1,0,0,0,0,0,0,0,0,0,0,0,0,0,0,0,0,0,0,0,0,0,6.112249999909995
2025-06-17 06:45:00,23.725,0.009875,6,45,1,1,22.475078773589036,107.22239,1,0,0,0,0,0,0,0,0,0,0,0,0,0,0,0,0,0,0,0,0,0,10.336125000900005
2025-06-17 07:00:00,23.8,0.01225,7,0,1,1,22.634784680644376,141.20972,1,0,0,0,0,0,0,0,0,0,0,0,0,0,0,0,0,0,0,0,0,0,13.650267857300001
2025-06-17 07:15:00,23.875,0.0153125,7,15,1,1,22.81476538394415,198.37418,1,0,0,0,0,0,0,0,0,0,0,0,0,0,0,0,0,0,0,0,0,0,19.163785715799985
2025-06-17 07:30:00,23.950000000000003,0.018375,7,30,1,1,22.994746087243925,278.00253,1,0,0,0,0,0,0,0,0,0,0,0,0,0,0,0,0,0,0,0,0,0,26.8630535724
2025-06-17 07:45:00,24.025000000000002,0.0214375,7,45,1,1,23.174726790543694,315.58646,1,0,0,0,0,0,0,0,0,0,0,0,0,0,0,0,0,0,0,0,0,0,30.5128035714
2025-06-17 08:00:00,24.1,0.0245,8,0,1,1,23.354707493843467,329.84003,1,0,0,0,0,0,0,0,0,0,0,0,0,0,0,0,0,0,0,0,0,0,31.874571430899984
2025-06-17 08:15:00,24.225,0.0288125,8,15,1,1,23.631328597607077,383.08032,1,0,0,0,0,0,0,0,0,0,0,0,0,0,0,0,0,0,0,0,0,0,37.019624999099975
2025-06-17 08:30:00,24.35,0.033125,8,30,1,1,23.907949701370683,456.5027,1,0,0,0,0,0,0,0,0,0,0,0,0,0,0,0,0,0,0,0,0,0,44.15787500099997
2025-06-17 08:45:00,24.475,0.0374375,8,45,1,1,24.184570805134285,517.9486,1,0,0,0,0,0,0,0,0,0,0,0,0,0,0,0,0,0,0,0,0,0,50.079928571899956
2025-06-17 09:00:00,24.6,0.04175,9,0,1,1,24.461191908897895,603.29175,1,0,0,0,0,0,0,0,0,0,0,0,0,0,0,0,0,0,0,0,0,0,58.42482142870005
2025-06-17 09:15:00,24.75,0.0464375,9,15,1,1,24.77876055971362,715.6771,1,0,0,0,0,0,0,0,0,0,0,0,0,0,0,0,0,0,0,0,0,0,69.3977857136
2025-06-17 09:30:00,24.9,0.051125,9,30,1,1,25.09632921052935,760.54376,1,0,0,0,0,0,0,0,0,0,0,0,0,0,0,0,0,0,0,0,0,0,73.77496428710012
2025-06-17 09:45:00,25.05,0.0558125,9,45,1,1,25.41389786134508,821.79297,1,0,0,0,0,0,0,0,0,0,0,0,0,0,0,0,0,0,0,0,0,0,79.6568214283
2025-06-17 10:00:00,25.2,0.0605,10,0,1,1,25.73146651216081,935.76117,1,0,0,0,0,0,0,0,0,0,0,0,0,0,0,0,0,0,0,0,0,0,90.8896249990999
2025-06-17 10:15:00,25.3,0.06175,10,15,1,1,25.88788404718951,985.6179,1,0,0,0,0,0,0,0,0,0,0,0,0,0,0,0,0,0,0,0,0,0,95.70239285710004
2025-06-17 10:30:00,25.4,0.063,10,30,1,1,26.044301582218203,969.60516,1,0,0,0,0,0,0,0,0,0,0,0,0,0,0,0,0,0,0,0,0,0,94.16180357179998
2025-06-17 10:45:00,25.5,0.06425,10,45,1,1,26.200719117246905,1011.4214,1,0,0,0,0,0,0,0,0,0,0,0,0,0,0,0,0,0,0,0,0,0,98.36887500040001
2025-06-17 11:00:00,25.6,0.0655,11,0,1,1,26.357136652275607,1033.0267,1,0,0,0,0,0,0,0,0,0,0,0,0,0,0,0,0,0,0,0,0,0,100.42978572599995
2025-06-17 11:15:00,25.575000000000003,0.062875,11,15,1,1,26.249835226605335,995.8648,1,0,0,0,0,0,0,0,0,0,0,0,0,0,0,0,0,0,0,0,0,0,96.68703571549999
2025-06-17 11:30:00,25.55,0.06025,11,30,1,1,26.142533800935063,929.0888,1,0,0,0,0,0,0,0,0,0,0,0,0,0,0,0,0,0,0,0,0,0,90.2571964285
2025-06-17 11:45:00,25.525,0.057625,11,45,1,1,26.03523237526479,862.27234,1,0,0,0,0,0,0,0,0,0,0,0,0,0,0,0,0,0,0,0,0,0,83.6585892863
2025-06-17 12:00:00,25.5,0.055,12,0,1,1,25.927930949594526,879.1916,1,0,0,0,0,0,0,0,0,0,0,0,0,0,0,0,0,0,0,0,0,0,85.3863928601999
2025-06-17 12:15:00,25.5,0.05425,12,15,1,1,25.90581299005514,883.8459,1,0,0,0,0,0,0,0,0,0,0,0,0,0,0,0,0,0,0,0,0,0,85.80319642890001
2025-06-17 12:30:00,25.5,0.0535,12,30,1,1,25.88369503051576,785.7479,1,0,0,0,0,0,0,0,0,0,0,0,0,0,0,0,0,0,0,0,0,0,76.23989285630005
2025-06-17 12:45:00,25.5,0.05275,12,45,1,1,25.861577070976374,785.7479,1,0,0,0,0,0,0,0,0,0,0,0,0,0,0,0,0,0,0,0,0,0,76.24401785630003
2025-06-17 13:00:00,25.5,0.052,13,0,1,1,25.839459111436994,801.7943,1,0,0,0,0,0,0,0,0,0,0,0,0,0,0,0,0,0,0,0,0,0,77.78617857150009
2025-06-17 13:15:00,25.55,0.0505,13,15,1,1,25.855000326923097,792.761,1,0,0,0,0,0,0,0,0,0,0,0,0,0,0,0,0,0,0,0,0,0,76.92598214349995
2025-06-17 13:30:00,25.6,0.049,13,30,1,1,25.870541542409192,743.829,1,0,0,0,0,0,0,0,0,0,0,0,0,0,0,0,0,0,0,0,0,0,72.17707143009996
2025-06-17 13:45:00,25.65,0.0475,13,45,1,1,25.886082757895288,743.829,1,0,0,0,0,0,0,0,0,0,0,0,0,0,0,0,0,0,0,0,0,0,72.18280357309997
2025-06-17 14:00:00,25.7,0.046,14,0,1,1,25.90162397338139,740.91516,1,0,0,0,0,0,0,0,0,0,0,0,0,0,0,0,0,0,0,0,0,0,71.84107142730004
2025-06-17 14:15:00,25.675,0.045,14,15,1,1,25.842244793379784,623.744,1,0,0,0,0,0,0,0,0,0,0,0,0,0,0,0,0,0,0,0,0,0,60.40962500029991
2025-06-17 14:30:00,25.65,0.044,14,30,1,1,25.78286561337817,624.66907,1,0,0,0,0,0,0,0,0,0,0,0,0,0,0,0,0,0,0,0,0,0,60.49100000009999
2025-06-17 14:45:00,25.625,0.043,14,45,1,1,25.723486433376568,624.66907,1,0,0,0,0,0,0,0,0,0,0,0,0,0,0,0,0,0,0,0,0,0,60.4886428573
2025-06-17 15:00:00,25.6,0.042,15,0,1,1,25.66410725337496,630.67126,1,0,0,0,0,0,0,0,0,0,0,0,0,0,0,0,0,0,0,0,0,0,61.02842857259992
2025-06-17 15:15:00,25.55,0.0384375,15,15,1,1,25.49926981099803,588.6653,1,0,0,0,0,0,0,0,0,0,0,0,0,0,0,0,0,0,0,0,0,0,56.97498214170002
2025-06-17 15:30:00,25.5,0.034875,15,30,1,1,25.3344323686211,509.47098,1,0,0,0,0,0,0,0,0,0,0,0,0,0,0,0,0,0,0,0,0,0,49.248785714199954
2025-06-17 15:45:00,25.45,0.0313125,15,45,1,1,25.169594926244173,481.45587,1,0,0,0,0,0,0,0,0,0,0,0,0,0,0,0,0,0,0,0,0,0,46.57928571469999
2025-06-17 16:00:00,25.4,0.02775,16,0,1,1,25.00475748386724,382.58212,1,0,0,0,0,0,0,0,0,0,0,0,0,0,0,0,0,0,0,0,0,0,37.00253571370002
2025-06-17 16:15:00,25.375,0.025125,16,15,1,1,24.897456058196973,329.3419,1,0,0,0,0,0,0,0,0,0,0,0,0,0,0,0,0,0,0,0,0,0,31.858892859399976
2025-06-17 16:30:00,25.35,0.0225,16,30,1,1,24.790154632526704,323.0819,1,0,0,0,0,0,0,0,0,0,0,0,0,0,0,0,0,0,0,0,0,0,31.229571427399968
2025-06-17 16:45:00,25.325,0.019875,16,45,1,1,24.682853206856432,280.04926,1,0,0,0,0,0,0,0,0,0,0,0,0,0,0,0,0,0,0,0,0,0,27.068767859999994
2025-06-17 17:00:00,25.3,0.01725,17,0,1,1,24.575551781186164,198.72404,1,0,0,0,0,0,0,0,0,0,0,0,0,0,0,0,0,0,0,0,0,0,19.083285715699994
2025-06-17 17:15:00,25.225,0.0145,17,15,1,1,24.404786894361134,198.63031,1,0,0,0,0,0,0,0,0,0,0,0,0,0,0,0,0,0,0,0,0,0,19.029089286799998
2025-06-17 17:30:00,25.15,0.01175,17,30,1,1,24.2340220075361,141.83652,1,0,0,0,0,0,0,0,0,0,0,0,0,0,0,0,0,0,0,0,0,0,13.69775000040001
2025-06-17 17:45:00,25.075,0.009,17,45,1,1,24.06325712071107,106.08418,1,0,0,0,0,0,0,0,0,0,0,0,0,0,0,0,0,0,0,0,0,0,10.239571428700001
2025-06-17 18:00:00,25.0,0.00625,18,0,1,1,23.892492233886042,58.757984,1,0,0,0,0,0,0,0,0,0,0,0,0,0,0,0,0,0,0,0,0,0,5.661660714179998
2025-06-17 18:15:00,24.9,0.00475,18,15,1,1,23.72870204567755,21.210136,1,0,0,0,0,0,0,0,0,0,0,0,0,0,0,0,0,0,0,0,0,0,2.10328571428
2025-06-17 18:30:00,24.8,0.00325,18,30,1,1,23.564911857469063,16.630917,1,0,0,0,0,0,0,0,0,0,0,0,0,0,0,0,0,0,0,0,0,0,1.39326785713
2025-06-17 18:45:00,24.700000000000003,0.00175,18,45,1,1,23.401121669260572,1.5059686,1,0,0,0,0,0,0,0,0,0,0,0,0,0,0,0,0,0,0,0,0,0,0.0
2025-06-17 19:00:00,24.6,0.00025,19,0,1,0,23.237331481052077,1.5059686,1,0,0,0,0,0,0,0,0,0,0,0,0,0,0,0,0,0,0,0,0,0,0.0
2025-06-17 19:15:00,24.55,0.0001875,19,15,1,0,23.175711183192266,1.5059686,1,0,0,0,0,0,0,0,0,0,0,0,0,0,0,0,0,0,0,0,0,0,0.0
2025-06-17 19:30:00,24.5,0.000125,19,30,1,0,23.114090885332452,1.5059686,1,0,0,0,0,0,0,0,0,0,0,0,0,0,0,0,0,0,0,0,0,0,0.0
2025-06-17 19:45:00,24.45,6.25e-05,19,45,1,0,23.05247058747264,1.5059686,1,0,0,0,0,0,0,0,0,0,0,0,0,0,0,0,0,0,0,0,0,0,0.0
2025-06-17 20:00:00,24.4,0.0,20,0,1,0,22.990850289612826,1.5059686,1,0,0,0,0,0,0,0,0,0,0,0,0,0,0,0,0,0,0,0,0,0,0.0
2025-06-17 20:15:00,24.4,0.0,20,15,1,0,22.990850289612826,1.5059686,1,0,0,0,0,0,0,0,0,0,0,0,0,0,0,0,0,0,0,0,0,0,0.0
2025-06-17 20:30:00,24.4,0.0,20,30,1,0,22.990850289612826,1.5059686,1,0,0,0,0,0,0,0,0,0,0,0,0,0,0,0,0,0,0,0,0,0,0.0
2025-06-17 20:45:00,24.4,0.0,20,45,1,0,22.990850289612826,1.5059686,1,0,0,0,0,0,0,0,0,0,0,0,0,0,0,0,0,0,0,0,0,0,0.0
2025-06-17 21:00:00,24.4,0.0,21,0,1,0,22.990850289612826,1.5059686,1,0,0,0,0,0,0,0,0,0,0,0,0,0,0,0,0,0,0,0,0,0,0.0
2025-06-17 21:15:00,24.4,0.0,21,15,1,0,22.990850289612826,1.5059686,1,0,0,0,0,0,0,0,0,0,0,0,0,0,0,0,0,0,0,0,0,0,0.0
2025-06-17 21:30:00,24.4,0.0,21,30,1,0,22.990850289612826,1.5059686,1,0,0,0,0,0,0,0,0,0,0,0,0,0,0,0,0,0,0,0,0,0,0.0
2025-06-17 21:45:00,24.4,0.0,21,45,1,0,22.990850289612826,1.5059686,1,0,0,0,0,0,0,0,0,0,0,0,0,0,0,0,0,0,0,0,0,0,0.0
2025-06-17 22:00:00,24.4,0.0,22,0,1,0,22.990850289612826,1.5059686,1,0,0,0,0,0,0,0,0,0,0,0,0,0,0,0,0,0,0,0,0,0,0.0
2025-06-17 22:15:00,24.349999999999998,0.0,22,15,1,0,22.93107315504796,1.5059686,1,0,0,0,0,0,0,0,0,0,0,0,0,0,0,0,0,0,0,0,0,0,0.0
2025-06-17 22:30:00,24.299999999999997,0.0,22,30,1,0,22.871296020483097,1.5059686,1,0,0,0,0,0,0,0,0,0,0,0,0,0,0,0,0,0,0,0,0,0,0.0
2025-06-17 22:45:00,24.25,0.0,22,45,1,0,22.81151888591824,1.5059686,1,0,0,0,0,0,0,0,0,0,0,0,0,0,0,0,0,0,0,0,0,0,0.0
2025-06-17 23:00:00,24.2,0.0,23,0,1,0,22.751741751353375,1.5059686,1,0,0,0,0,0,0,0,0,0,0,0,0,0,0,0,0,0,0,0,0,0,0.0
2025-06-17 23:15:00,24.175,0.0,23,15,1,0,22.721853184070945,1.5059686,1,0,0,0,0,0,0,0,0,0,0,0,0,0,0,0,0,0,0,0,0,0,0.0
2025-06-17 23:30:00,24.15,0.0,23,30,1,0,22.69196461678851,1.5059686,1,0,0,0,0,0,0,0,0,0,0,0,0,0,0,0,0,0,0,0,0,0,0.0
2025-06-17 23:45:00,24.125,0.0,23,45,1,0,22.66207604950608,1.5059686,1,0,0,0,0,0,0,0,0,0,0,0,0,0,0,0,0,0,0,0,0,0,0.0
2025-06-18 00:00:00,24.1,0.0,0,0,2,0,22.63218748222365,1.2498324,1,0,0,0,0,0,0,0,0,0,0,0,0,0,0,0,0,0,0,0,0,0,0.0
2025-06-18 00:15:00,24.025000000000002,0.0,0,15,2,0,22.542521780376354,1.2498324,1,0,0,0,0,0,0,0,0,0,0,0,0,0,0,0,0,0,0,0,0,0,0.0
2025-06-18 00:30:00,23.950000000000003,0.0,0,30,2,0,22.45285607852906,1.2498324,1,0,0,0,0,0,0,0,0,0,0,0,0,0,0,0,0,0,0,0,0,0,0.0
2025-06-18 00:45:00,23.875,0.0,0,45,2,0,22.36319037668176,1.2498324,1,0,0,0,0,0,0,0,0,0,0,0,0,0,0,0,0,0,0,0,0,0,0.0
2025-06-18 01:00:00,23.8,0.0,1,0,2,0,22.273524674834466,1.2498324,1,0,0,0,0,0,0,0,0,0,0,0,0,0,0,0,0,0,0,0,0,0,0.0
2025-06-18 01:15:00,23.75,0.0,1,15,2,0,22.2137475402696,1.2498324,1,0,0,0,0,0,0,0,0,0,0,0,0,0,0,0,0,0,0,0,0,0,0.0
2025-06-18 01:30:00,23.700000000000003,0.0,1,30,2,0,22.153970405704744,1.2498324,1,0,0,0,0,0,0,0,0,0,0,0,0,0,0,0,0,0,0,0,0,0,0.0
2025-06-18 01:45:00,23.650000000000002,0.0,1,45,2,0,22.09419327113988,1.2498324,1,0,0,0,0,0,0,0,0,0,0,0,0,0,0,0,0,0,0,0,0,0,0.0
2025-06-18 02:00:00,23.6,0.0,2,0,2,0,22.034416136575015,1.2498324,1,0,0,0,0,0,0,0,0,0,0,0,0,0,0,0,0,0,0,0,0,0,0.0
2025-06-18 02:15:00,23.575000000000003,0.0,2,15,2,0,22.004527569292584,1.2498324,1,0,0,0,0,0,0,0,0,0,0,0,0,0,0,0,0,0,0,0,0,0,0.0
2025-06-18 02:30:00,23.55,0.0,2,30,2,0,21.97463900201015,1.2498324,1,0,0,0,0,0,0,0,0,0,0,0,0,0,0,0,0,0,0,0,0,0,0.0
2025-06-18 02:45:00,23.525,0.0,2,45,2,0,21.944750434727716,1.2498324,1,0,0,0,0,0,0,0,0,0,0,0,0,0,0,0,0,0,0,0,0,0,0.0
2025-06-18 03:00:00,23.5,0.0,3,0,2,0,21.914861867445286,1.2498324,1,0,0,0,0,0,0,0,0,0,0,0,0,0,0,0,0,0,0,0,0,0,0.0
2025-06-18 03:15:00,23.475,0.0,3,15,2,0,21.884973300162855,1.2498324,1,0,0,0,0,0,0,0,0,0,0,0,0,0,0,0,0,0,0,0,0,0,0.0
2025-06-18 03:30:00,23.45,0.0,3,30,2,0,21.85508473288042,1.2498324,1,0,0,0,0,0,0,0,0,0,0,0,0,0,0,0,0,0,0,0,0,0,0.0
2025-06-18 03:45:00,23.424999999999997,0.0,3,45,2,0,21.825196165597987,1.2498324,1,0,0,0,0,0,0,0,0,0,0,0,0,0,0,0,0,0,0,0,0,0,0.0
2025-06-18 04:00:00,23.4,0.0,4,0,2,0,21.795307598315556,1.2498324,1,0,0,0,0,0,0,0,0,0,0,0,0,0,0,0,0,0,0,0,0,0,0.0
2025-06-18 04:15:00,23.375,0.0,4,15,2,0,21.765419031033126,1.2498324,1,0,0,0,0,0,0,0,0,0,0,0,0,0,0,0,0,0,0,0,0,0,0.0
2025-06-18 04:30:00,23.35,0.0,4,30,2,0,21.735530463750695,1.2498324,1,0,0,0,0,0,0,0,0,0,0,0,0,0,0,0,0,0,0,0,0,0,0.0
2025-06-18 04:45:00,23.325,0.0,4,45,2,0,21.70564189646826,1.2498324,1,0,0,0,0,0,0,0,0,0,0,0,0,0,0,0,0,0,0,0,0,0,0.0
2025-06-18 05:00:00,23.3,0.0,5,0,2,0,21.67575332918583,1.2498324,1,0,0,0,0,0,0,0,0,0,0,0,0,0,0,0,0,0,0,0,0,0,0.0
2025-06-18 05:15:00,23.325,0.00075,5,15,2,0,21.727759856007644,1.2498324,1,0,0,0,0,0,0,0,0,0,0,0,0,0,0,0,0,0,0,0,0,0,0.0
2025-06-18 05:30:00,23.35,0.0015,5,30,2,0,21.77976638282946,1.2498324,1,0,0,0,0,0,0,0,0,0,0,0,0,0,0,0,0,0,0,0,0,0,0.0
2025-06-18 05:45:00,23.375,0.00225,5,45,2,0,21.831772909651274,1.2498324,1,0,0,0,0,0,0,0,0,0,0,0,0,0,0,0,0,0,0,0,0,0,0.0
2025-06-18 06:00:00,23.4,0.003,6,0,2,1,21.883779436473084,12.435145,1,0,0,0,0,0,0,0,0,0,0,0,0,0,0,0,0,0,0,0,0,0,1.2081428571199992
2025-06-18 06:15:00,23.525,0.0075,6,15,2,1,22.165930030121537,64.2308,1,0,0,0,0,0,0,0,0,0,0,0,0,0,0,0,0,0,0,0,0,0,6.2332857142300035
2025-06-18 06:30:00,23.65,0.012,6,30,2,1,22.448080623769986,143.10468,1,0,0,0,0,0,0,0,0,0,0,0,0,0,0,0,0,0,0,0,0,0,13.817482143400003
2025-06-18 06:45:00,23.775,0.0165,6,45,2,1,22.73023121741844,203.57074,1,0,0,0,0,0,0,0,0,0,0,0,0,0,0,0,0,0,0,0,0,0,19.625267858299985
2025-06-18 07:00:00,23.9,0.021,7,0,2,1,23.012381811066895,275.85452,1,0,0,0,0,0,0,0,0,0,0,0,0,0,0,0,0,0,0,0,0,0,26.617285714299964
2025-06-18 07:15:00,24.099999999999998,0.0273125,7,15,2,1,23.437649842116148,383.92975,1,0,0,0,0,0,0,0,0,0,0,0,0,0,0,0,0,0,0,0,0,0,37.10824999969997
2025-06-18 07:30:00,24.299999999999997,0.033625,7,30,2,1,23.8629178731654,483.44293,1,0,0,0,0,0,0,0,0,0,0,0,0,0,0,0,0,0,0,0,0,0,46.789839286900005
2025-06-18 07:45:00,24.5,0.0399375,7,45,2,1,24.288185904214657,563.56226,1,0,0,0,0,0,0,0,0,0,0,0,0,0,0,0,0,0,0,0,0,0,54.51300000089999
2025-06-18 08:00:00,24.7,0.04625,8,0,2,1,24.713453935263914,715.87964,1,0,0,0,0,0,0,0,0,0,0,0,0,0,0,0,0,0,0,0,0,0,69.3985357136
2025-06-18 08:15:00,25.025,0.0541875,8,15,2,1,25.336087048393985,839.57513,1,0,0,0,0,0,0,0,0,0,0,0,0,0,0,0,0,0,0,0,0,0,81.4916785717
2025-06-18 08:30:00,25.35,0.062125,8,30,2,1,25.958720161524063,918.2436,1,0,0,0,0,0,0,0,0,0,0,0,0,0,0,0,0,0,0,0,0,0,89.17857142769995
2025-06-18 08:45:00,25.675,0.0700625,8,45,2,1,26.58135327465414,1007.5244,1,0,0,0,0,0,0,0,0,0,0,0,0,0,0,0,0,0,0,0,0,0,97.81639285679998
2025-06-18 09:00:00,26.0,0.078,9,0,2,1,27.203986387784212,1147.4255,1,0,0,0,0,0,0,0,0,0,0,0,0,0,0,0,0,0,0,0,0,0,111.53558928499992
2025-06-18 09:15:00,26.4,0.0891875,9,15,2,1,28.012129694098903,1302.6141,1,0,0,0,0,0,0,0,0,0,0,0,0,0,0,0,0,0,0,0,0,0,126.98475001499996
2025-06-18 09:30:00,26.8,0.100375,9,30,2,1,28.8202730004136,1530.4167,1,0,0,0,0,0,0,0,0,0,0,0,0,0,0,0,0,0,0,0,0,0,149.54016786199998
2025-06-18 09:45:00,27.200000000000003,0.1115625,9,45,2,1,29.628416306728298,1610.5193,1,0,0,0,0,0,0,0,0,0,0,0,0,0,0,0,0,0,0,0,0,0,157.56217859099993
2025-06-18 10:00:00,27.6,0.12275,10,0,2,1,30.436559613042988,1779.9574,1,0,0,0,0,0,0,0,0,0,0,0,0,0,0,0,0,0,0,0,0,0,174.28098212200007
2025-06-18 10:15:00,27.900000000000002,0.130125,10,15,2,1,31.012715689236096,1896.3425,1,0,0,0,0,0,0,0,0,0,0,0,0,0,0,0,0,0,0,0,0,0,185.87700000500016
2025-06-18 10:30:00,28.200000000000003,0.1375,10,30,2,1,31.588871765429204,1958.9609,1,0,0,0,0,0,0,0,0,0,0,0,0,0,0,0,0,0,0,0,0,0,191.996500001
2025-06-18 10:45:00,28.5,0.144875,10,45,2,1,32.165027841622305,2082.5728,1,0,0,0,0,0,0,0,0,0,0,0,0,0,0,0,0,0,0,0,0,0,204.15517856600002
2025-06-18 11:00:00,28.8,0.15225,11,0,2,1,32.74118391781541,2193.9573,1,0,0,0,0,0,0,0,0,0,0,0,0,0,0,0,0,0,0,0,0,0,215.03348214000013
2025-06-18 11:15:00,29.025,0.1595,11,15,2,1,33.223987965571325,2261.1274,1,0,0,0,0,0,0,0,0,0,0,0,0,0,0,0,0,0,0,0,0,0,221.66969643200017
2025-06-18 11:30:00,29.25,0.16675,11,30,2,1,33.70679201332724,2476.9617,1,0,0,0,0,0,0,0,0,0,0,0,0,0,0,0,0,0,0,0,0,0,242.9152142759998
2025-06-18 11:45:00,29.475,0.174,11,45,2,1,34.18959606108315,2499.755,1,0,0,0,0,0,0,0,0,0,0,0,0,0,0,0,0,0,0,0,0,0,245.15323214599982
2025-06-18 12:00:00,29.7,0.18125,12,0,2,1,34.672400108839064,2714.195,1,0,0,0,0,0,0,0,0,0,0,0,0,0,0,0,0,0,0,0,0,0,266.3462321349998
2025-06-18 12:15:00,29.825,0.1775625,12,15,2,1,34.71309631084927,2711.0479,1,0,0,0,0,0,0,0,0,0,0,0,0,0,0,0,0,0,0,0,0,0,265.975196431
2025-06-18 12:30:00,29.95,0.173875,12,30,2,1,34.75379251285946,2524.7378,1,0,0,0,0,0,0,0,0,0,0,0,0,0,0,0,0,0,0,0,0,0,247.6219285719999
2025-06-18 12:45:00,30.075,0.1701875,12,45,2,1,34.79448871486965,2532.232,1,0,0,0,0,0,0,0,0,0,0,0,0,0,0,0,0,0,0,0,0,0,248.3892500099999
2025-06-18 13:00:00,30.2,0.1665,13,0,2,1,34.835184916879854,2484.6333,1,0,0,0,0,0,0,0,0,0,0,0,0,0,0,0,0,0,0,0,0,0,243.7031428570003
2025-06-18 13:15:00,30.05,0.156125,13,15,2,1,34.34988840622381,2282.7717,1,0,0,0,0,0,0,0,0,0,0,0,0,0,0,0,0,0,0,0,0,0,223.88908929000016
2025-06-18 13:30:00,29.9,0.14575,13,30,2,1,33.86459189556776,2164.7415,1,0,0,0,0,0,0,0,0,0,0,0,0,0,0,0,0,0,0,0,0,0,212.16832144699995
2025-06-18 13:45:00,29.75,0.135375,13,45,2,1,33.37929538491172,2020.2904,1,0,0,0,0,0,0,0,0,0,0,0,0,0,0,0,0,0,0,0,0,0,198.00957142499982
2025-06-18 14:00:00,29.6,0.125,14,0,2,1,32.89399887425568,1837.3812,1,0,0,0,0,0,0,0,0,0,0,0,0,0,0,0,0,0,0,0,0,0,180.0030000139999
2025-06-18 14:15:00,29.8,0.12975,14,15,2,1,33.27318782293122,1949.3547,1,0,0,0,0,0,0,0,0,0,0,0,0,0,0,0,0,0,0,0,0,0,191.05971428399994
2025-06-18 14:30:00,30.0,0.1345,14,30,2,1,33.65237677160676,2036.1846,1,0,0,0,0,0,0,0,0,0,0,0,0,0,0,0,0,0,0,0,0,0,199.6242857040001
2025-06-18 14:45:00,30.2,0.13925,14,45,2,1,34.0315657202823,2071.7668,1,0,0,0,0,0,0,0,0,0,0,0,0,0,0,0,0,0,0,0,0,0,203.08496427999992
2025-06-18 15:00:00,30.4,0.144,15,0,2,1,34.410754668957836,2128.0754,1,0,0,0,0,0,0,0,0,0,0,0,0,0,0,0,0,0,0,0,0,0,208.62901785800008
2025-06-18 15:15:00,30.275,0.1324375,15,15,2,1,33.920326622980205,2005.3024,1,0,0,0,0,0,0,0,0,0,0,0,0,0,0,0,0,0,0,0,0,0,196.54607144499997
2025-06-18 15:30:00,30.15,0.120875,15,30,2,1,33.42989857700257,1870.3317,1,0,0,0,0,0,0,0,0,0,0,0,0,0,0,0,0,0,0,0,0,0,183.32203569700013
2025-06-18 15:45:00,30.025,0.1093125,15,45,2,1,32.93947053102494,1638.2808,1,0,0,0,0,0,0,0,0,0,0,0,0,0,0,0,0,0,0,0,0,0,160.26796428299994
2025-06-18 16:00:00,29.9,0.09775,16,0,2,1,32.44904248504731,1499.9664,1,0,0,0,0,0,0,0,0,0,0,0,0,0,0,0,0,0,0,0,0,0,146.46521427600013
2025-06-18 16:15:00,29.724999999999998,0.0868125,16,15,2,1,31.91726893745429,1277.713,1,0,0,0,0,0,0,0,0,0,0,0,0,0,0,0,0,0,0,0,0,0,124.45323214199999
2025-06-18 16:30:00,29.549999999999997,0.075875,16,30,2,1,31.385495389861276,1076.6741,1,0,0,0,0,0,0,0,0,0,0,0,0,0,0,0,0,0,0,0,0,0,104.66023216100001
2025-06-18 16:45:00,29.375,0.0649375,16,45,2,1,30.853721842268264,960.1812,1,0,0,0,0,0,0,0,0,0,0,0,0,0,0,0,0,0,0,0,0,0,93.38205357009996
2025-06-18 17:00:00,29.2,0.054,17,0,2,1,30.321948294675252,828.6194,1,0,0,0,0,0,0,0,0,0,0,0,0,0,0,0,0,0,0,0,0,0,80.42744642890003
2025-06-18 17:15:00,28.975,0.0450625,17,15,2,1,29.78937883795573,591.9845,1,0,0,0,0,0,0,0,0,0,0,0,0,0,0,0,0,0,0,0,0,0,57.2839464291
2025-06-18 17:30:00,28.75,0.036125,17,30,2,1,29.256809381236202,513.7153,1,0,0,0,0,0,0,0,0,0,0,0,0,0,0,0,0,0,0,0,0,0,49.74524999990004
2025-06-18 17:45:00,28.525,0.0271875,17,45,2,1,28.724239924516674,377.54932,1,0,0,0,0,0,0,0,0,0,0,0,0,0,0,0,0,0,0,0,0,0,36.473639286999976
2025-06-18 18:00:00,28.3,0.01825,18,0,2,1,28.191670467797152,176.11766,1,0,0,0,0,0,0,0,0,0,0,0,0,0,0,0,0,0,0,0,0,0,17.005392857300002
2025-06-18 18:15:00,27.975,0.013875,18,15,2,1,27.67409766247915,188.57016,1,0,0,0,0,0,0,0,0,0,0,0,0,0,0,0,0,0,0,0,0,0,18.226410712300005
2025-06-18 18:30:00,27.65,0.0095,18,30,2,1,27.15652485716113,100.1357,1,0,0,0,0,0,0,0,0,0,0,0,0,0,0,0,0,0,0,0,0,0,9.671178571419992
2025-06-18 18:45:00,27.325,0.005125,18,45,2,1,26.63895205184312,27.35402,1,0,0,0,0,0,0,0,0,0,0,0,0,0,0,0,0,0,0,0,0,0,2.626339285709997
2025-06-18 19:00:00,27.0,0.00075,19,0,2,0,26.121379246525116,1.6589329,1,0,0,0,0,0,0,0,0,0,0,0,0,0,0,0,0,0,0,0,0,0,0.0
2025-06-18 19:15:00,26.825,0.0005625,19,15,2,0,25.90662978566325,1.6589329,1,0,0,0,0,0,0,0,0,0,0,0,0,0,0,0,0,0,0,0,0,0,0.0
2025-06-18 19:30:00,26.65,0.000375,19,30,2,0,25.691880324801378,1.6589329,1,0,0,0,0,0,0,0,0,0,0,0,0,0,0,0,0,0,0,0,0,0,0.0
2025-06-18 19:45:00,26.475,0.0001875,19,45,2,0,25.477130863939514,1.6080983,1,0,0,0,0,0,0,0,0,0,0,0,0,0,0,0,0,0,0,0,0,0,0.0
2025-06-18 20:00:00,26.3,0.0,20,0,2,0,25.262381403077647,1.6080983,1,0,0,0,0,0,0,0,0,0,0,0,0,0,0,0,0,0,0,0,0,0,0.0
2025-06-18 20:15:00,26.2,0.0,20,15,2,0,25.142827133947918,1.6080983,1,0,0,0,0,0,0,0,0,0,0,0,0,0,0,0,0,0,0,0,0,0,0.0
2025-06-18 20:30:00,26.1,0.0,20,30,2,0,25.023272864818193,1.6080983,1,0,0,0,0,0,0,0,0,0,0,0,0,0,0,0,0,0,0,0,0,0,0.0
2025-06-18 20:45:00,26.0,0.0,20,45,2,0,24.903718595688463,1.6080983,1,0,0,0,0,0,0,0,0,0,0,0,0,0,0,0,0,0,0,0,0,0,0.0
2025-06-18 21:00:00,25.9,0.0,21,0,2,0,24.784164326558734,1.6080983,1,0,0,0,0,0,0,0,0,0,0,0,0,0,0,0,0,0,0,0,0,0,0.0
2025-06-18 21:15:00,25.825,0.0,21,15,2,0,24.69449862471144,1.6080983,1,0,0,0,0,0,0,0,0,0,0,0,0,0,0,0,0,0,0,0,0,0,0.0
2025-06-18 21:30:00,25.75,0.0,21,30,2,0,24.604832922864144,1.6080983,1,0,0,0,0,0,0,0,0,0,0,0,0,0,0,0,0,0,0,0,0,0,0.0
2025-06-18 21:45:00,25.675,0.0,21,45,2,0,24.515167221016853,1.6080983,1,0,0,0,0,0,0,0,0,0,0,0,0,0,0,0,0,0,0,0,0,0,0.0
2025-06-18 22:00:00,25.6,0.0,22,0,2,0,24.425501519169558,1.5143647,1,0,0,0,0,0,0,0,0,0,0,0,0,0,0,0,0,0,0,0,0,0,0.0
2025-06-18 22:15:00,25.55,0.0,22,15,2,0,24.365724384604693,1.5143647,1,0,0,0,0,0,0,0,0,0,0,0,0,0,0,0,0,0,0,0,0,0,0.0
2025-06-18 22:30:00,25.5,0.0,22,30,2,0,24.30594725003983,1.5143647,1,0,0,0,0,0,0,0,0,0,0,0,0,0,0,0,0,0,0,0,0,0,0.0
2025-06-18 22:45:00,25.45,0.0,22,45,2,0,24.246170115474964,1.5143647,1,0,0,0,0,0,0,0,0,0,0,0,0,0,0,0,0,0,0,0,0,0,0.0
2025-06-18 23:00:00,25.4,0.0,23,0,2,0,24.1863929809101,1.5143647,1,0,0,0,0,0,0,0,0,0,0,0,0,0,0,0,0,0,0,0,0,0,0.0
2025-06-18 23:15:00,25.325,0.0,23,15,2,0,24.096727279062804,1.5143647,1,0,0,0,0,0,0,0,0,0,0,0,0,0,0,0,0,0,0,0,0,0,0.0
2025-06-18 23:30:00,25.25,0.0,23,30,2,0,24.00706157721551,1.5143647,1,0,0,0,0,0,0,0,0,0,0,0,0,0,0,0,0,0,0,0,0,0,0.0
2025-06-18 23:45:00,25.175,0.0,23,45,2,0,23.917395875368214,1.5143647,1,0,0,0,0,0,0,0,0,0,0,0,0,0,0,0,0,0,0,0,0,0,0.0
2025-06-19 00:00:00,25.1,0.0,0,0,3,0,23.82773017352092,1.2498324,1,0,0,0,0,0,0,0,0,0,0,0,0,0,0,0,0,0,0,0,0,0,0.0
2025-06-19 00:15:00,25.025000000000002,0.0,0,15,3,0,23.738064471673628,1.2498324,1,0,0,0,0,0,0,0,0,0,0,0,0,0,0,0,0,0,0,0,0,0,0.0
2025-06-19 00:30:00,24.950000000000003,0.0,0,30,3,0,23.648398769826333,1.2498324,1,0,0,0,0,0,0,0,0,0,0,0,0,0,0,0,0,0,0,0,0,0,0.0
2025-06-19 00:45:00,24.875,0.0,0,45,3,0,23.558733067979034,1.2498324,1,0,0,0,0,0,0,0,0,0,0,0,0,0,0,0,0,0,0,0,0,0,0.0
2025-06-19 01:00:00,24.8,0.0,1,0,3,0,23.46906736613174,1.2498324,1,0,0,0,0,0,0,0,0,0,0,0,0,0,0,0,0,0,0,0,0,0,0.0
2025-06-19 01:15:00,24.75,0.0,1,15,3,0,23.409290231566874,1.2498324,1,0,0,0,0,0,0,0,0,0,0,0,0,0,0,0,0,0,0,0,0,0,0.0
2025-06-19 01:30:00,24.700000000000003,0.0,1,30,3,0,23.349513097002013,1.2498324,1,0,0,0,0,0,0,0,0,0,0,0,0,0,0,0,0,0,0,0,0,0,0.0
2025-06-19 01:45:00,24.650000000000002,0.0,1,45,3,0,23.28973596243715,1.2498324,1,0,0,0,0,0,0,0,0,0,0,0,0,0,0,0,0,0,0,0,0,0,0.0
2025-06-19 02:00:00,24.6,0.0,2,0,3,0,23.229958827872284,1.2498324,1,0,0,0,0,0,0,0,0,0,0,0,0,0,0,0,0,0,0,0,0,0,0.0
2025-06-19 02:15:00,24.525000000000002,0.0,2,15,3,0,23.14029312602499,1.2498324,1,0,0,0,0,0,0,0,0,0,0,0,0,0,0,0,0,0,0,0,0,0,0.0
2025-06-19 02:30:00,24.450000000000003,0.0,2,30,3,0,23.050627424177694,1.2498324,1,0,0,0,0,0,0,0,0,0,0,0,0,0,0,0,0,0,0,0,0,0,0.0
2025-06-19 02:45:00,24.375,0.0,2,45,3,0,22.960961722330396,1.2498324,1,0,0,0,0,0,0,0,0,0,0,0,0,0,0,0,0,0,0,0,0,0,0.0
2025-06-19 03:00:00,24.3,0.0,3,0,3,0,22.871296020483104,1.2498324,1,0,0,0,0,0,0,0,0,0,0,0,0,0,0,0,0,0,0,0,0,0,0.0
2025-06-19 03:15:00,24.275,0.0,3,15,3,0,22.84140745320067,1.2498324,1,0,0,0,0,0,0,0,0,0,0,0,0,0,0,0,0,0,0,0,0,0,0.0
2025-06-19 03:30:00,24.25,0.0,3,30,3,0,22.81151888591824,1.2498324,1,0,0,0,0,0,0,0,0,0,0,0,0,0,0,0,0,0,0,0,0,0,0.0
2025-06-19 03:45:00,24.225,0.0,3,45,3,0,22.78163031863581,1.2498324,1,0,0,0,0,0,0,0,0,0,0,0,0,0,0,0,0,0,0,0,0,0,0.0
2025-06-19 04:00:00,24.2,0.0,4,0,3,0,22.751741751353375,1.2498324,1,0,0,0,0,0,0,0,0,0,0,0,0,0,0,0,0,0,0,0,0,0,0.0
2025-06-19 04:15:00,24.125,0.0,4,15,3,0,22.66207604950608,1.2498324,1,0,0,0,0,0,0,0,0,0,0,0,0,0,0,0,0,0,0,0,0,0,0.0
2025-06-19 04:30:00,24.049999999999997,0.0,4,30,3,0,22.57241034765878,1.2498324,1,0,0,0,0,0,0,0,0,0,0,0,0,0,0,0,0,0,0,0,0,0,0.0
2025-06-19 04:45:00,23.974999999999998,0.0,4,45,3,0,22.482744645811486,1.2498324,1,0,0,0,0,0,0,0,0,0,0,0,0,0,0,0,0,0,0,0,0,0,0.0
2025-06-19 05:00:00,23.9,0.0,5,0,3,0,22.39307894396419,1.2498324,1,0,0,0,0,0,0,0,0,0,0,0,0,0,0,0,0,0,0,0,0,0,0.0
2025-06-19 05:15:00,23.9,0.0013125,5,15,3,0,22.43178537315811,1.2498324,1,0,0,0,0,0,0,0,0,0,0,0,0,0,0,0,0,0,0,0,0,0,0.0
2025-06-19 05:30:00,23.9,0.002625,5,30,3,0,22.47049180235203,1.2498324,1,0,0,0,0,0,0,0,0,0,0,0,0,0,0,0,0,0,0,0,0,0,0.0
2025-06-19 05:45:00,23.9,0.0039375,5,45,3,0,22.50919823154595,22.177681,1,0,0,0,0,0,0,0,0,0,0,0,0,0,0,0,0,0,0,0,0,0,2.1717499999999985
2025-06-19 06:00:00,23.9,0.00525,6,0,3,1,22.547904660739867,21.807045,1,0,0,0,0,0,0,0,0,0,0,0,0,0,0,0,0,0,0,0,0,0,2.111178571450001
2025-06-19 06:15:00,24.0,0.0124375,6,15,3,1,22.879422708788674,142.90726,1,0,0,0,0,0,0,0,0,0,0,0,0,0,0,0,0,0,0,0,0,0,13.79723214319999
2025-06-19 06:30:00,24.1,0.019625,6,30,3,1,23.210940756837484,281.104,1,0,0,0,0,0,0,0,0,0,0,0,0,0,0,0,0,0,0,0,0,0,27.179642859800005
2025-06-19 06:45:00,24.2,0.0268125,6,45,3,1,23.542458804886287,394.2173,1,0,0,0,0,0,0,0,0,0,0,0,0,0,0,0,0,0,0,0,0,0,38.101821427299996
2025-06-19 07:00:00,24.3,0.034,7,0,3,1,23.873976852935098,478.15677,1,0,0,0,0,0,0,0,0,0,0,0,0,0,0,0,0,0,0,0,0,0,46.24310714360002
2025-06-19 07:15:00,24.55,0.0453125,7,15,3,1,24.506475082145094,610.10144,1,0,0,0,0,0,0,0,0,0,0,0,0,0,0,0,0,0,0,0,0,0,59.059892857299936
2025-06-19 07:30:00,24.8,0.056625,7,30,3,1,25.138973311355095,815.01056,1,0,0,0,0,0,0,0,0,0,0,0,0,0,0,0,0,0,0,0,0,0,79.06332142810001
2025-06-19 07:45:00,25.05,0.0679375,7,45,3,1,25.77147154056509,984.8902,1,0,0,0,0,0,0,0,0,0,0,0,0,0,0,0,0,0,0,0,0,0,95.69164285709999
2025-06-19 08:00:00,25.3,0.07925,8,0,3,1,26.403969769775095,1148.2102,1,0,0,0,0,0,0,0,0,0,0,0,0,0,0,0,0,0,0,0,0,0,111.63880356100007
2025-06-19 08:15:00,25.65,0.088625,8,15,3,1,27.098884205971416,1293.4653,1,0,0,0,0,0,0,0,0,0,0,0,0,0,0,0,0,0,0,0,0,0,125.90933930600004
2025-06-19 08:30:00,26.0,0.098,8,30,3,1,27.793798642167737,1452.266,1,0,0,0,0,0,0,0,0,0,0,0,0,0,0,0,0,0,0,0,0,0,141.73714286199976
2025-06-19 08:45:00,26.35,0.107375,8,45,3,1,28.488713078364064,1456.7892,1,0,0,0,0,0,0,0,0,0,0,0,0,0,0,0,0,0,0,0,0,0,142.19357142400003
2025-06-19 09:00:00,26.7,0.11675,9,0,3,1,29.183627514560385,1720.8357,1,0,0,0,0,0,0,0,0,0,0,0,0,0,0,0,0,0,0,0,0,0,168.45483927200019
2025-06-19 09:15:00,27.075,0.127375,9,15,3,1,29.945293783938112,1887.0853,1,0,0,0,0,0,0,0,0,0,0,0,0,0,0,0,0,0,0,0,0,0,184.9767857190001
2025-06-19 09:30:00,27.45,0.138,9,30,3,1,30.706960053315832,1995.3737,1,0,0,0,0,0,0,0,0,0,0,0,0,0,0,0,0,0,0,0,0,0,195.62266070699997
2025-06-19 09:45:00,27.825,0.148625,9,45,3,1,31.46862632269356,2069.4233,1,0,0,0,0,0,0,0,0,0,0,0,0,0,0,0,0,0,0,0,0,0,202.8236071339999
2025-06-19 10:00:00,28.2,0.15925,10,0,3,1,32.23029259207128,2181.807,1,0,0,0,0,0,0,0,0,0,0,0,0,0,0,0,0,0,0,0,0,0,213.8758035709997
2025-06-19 10:15:00,28.4,0.1583125,10,15,3,1,32.44175368090651,2176.1426,1,0,0,0,0,0,0,0,0,0,0,0,0,0,0,0,0,0,0,0,0,0,213.35544640900008
2025-06-19 10:30:00,28.6,0.157375,10,30,3,1,32.65321476974174,2202.939,1,0,0,0,0,0,0,0,0,0,0,0,0,0,0,0,0,0,0,0,0,0,216.0029821329999
2025-06-19 10:45:00,28.8,0.1564375,10,45,3,1,32.864675858576966,2237.471,1,0,0,0,0,0,0,0,0,0,0,0,0,0,0,0,0,0,0,0,0,0,219.3531428610002
2025-06-19 11:00:00,29.0,0.1555,11,0,3,1,33.07613694741219,2209.9163,1,0,0,0,0,0,0,0,0,0,0,0,0,0,0,0,0,0,0,0,0,0,216.67332143400003
2025-06-19 11:15:00,29.25,0.1586875,11,15,3,1,33.46902394827888,2261.1274,1,0,0,0,0,0,0,0,0,0,0,0,0,0,0,0,0,0,0,0,0,0,221.67307143200017
2025-06-19 11:30:00,29.5,0.161875,11,30,3,1,33.861910949145575,2257.2585,1,0,0,0,0,0,0,0,0,0,0,0,0,0,0,0,0,0,0,0,0,0,221.34414285000005
2025-06-19 11:45:00,29.75,0.1650625,11,45,3,1,34.25479795001227,2436.0403,1,0,0,0,0,0,0,0,0,0,0,0,0,0,0,0,0,0,0,0,0,0,238.87733928699978
2025-06-19 12:00:00,30.0,0.16825,12,0,3,1,34.64768495087896,2540.8032,1,0,0,0,0,0,0,0,0,0,0,0,0,0,0,0,0,0,0,0,0,0,249.13400000100006
2025-06-19 12:15:00,30.25,0.1691875,12,15,3,1,34.9742180731275,2494.7112,1,0,0,0,0,0,0,0,0,0,0,0,0,0,0,0,0,0,0,0,0,0,244.7268392830001
2025-06-19 12:30:00,30.5,0.170125,12,30,3,1,35.30075119537605,2519.8167,1,0,0,0,0,0,0,0,0,0,0,0,0,0,0,0,0,0,0,0,0,0,247.1619642910003
2025-06-19 12:45:00,30.75,0.1710625,12,45,3,1,35.62728431762459,2521.123,1,0,0,0,0,0,0,0,0,0,0,0,0,0,0,0,0,0,0,0,0,0,247.21289286100026
2025-06-19 13:00:00,31.0,0.172,13,0,3,1,35.95381743987314,2540.393,1,0,0,0,0,0,0,0,0,0,0,0,0,0,0,0,0,0,0,0,0,0,249.07321428699998
2025-06-19 13:15:00,31.125,0.16925,13,15,3,1,36.02216109130757,2502.4626,1,0,0,0,0,0,0,0,0,0,0,0,0,0,0,0,0,0,0,0,0,0,245.42364286200012
2025-06-19 13:30:00,31.25,0.1665,13,30,3,1,36.09050474274199,2474.668,1,0,0,0,0,0,0,0,0,0,0,0,0,0,0,0,0,0,0,0,0,0,242.66553570800005
2025-06-19 13:45:00,31.375,0.16375,13,45,3,1,36.15884839417642,2461.8777,1,0,0,0,0,0,0,0,0,0,0,0,0,0,0,0,0,0,0,0,0,0,241.4687500009998
2025-06-19 14:00:00,31.5,0.161,14,0,3,1,36.227192045610835,2237.9482,1,0,0,0,0,0,0,0,0,0,0,0,0,0,0,0,0,0,0,0,0,0,219.41512500199994
2025-06-19 14:15:00,31.45,0.1545,14,15,3,1,35.975725928371325,2219.1125,1,0,0,0,0,0,0,0,0,0,0,0,0,0,0,0,0,0,0,0,0,0,217.59526785799974
2025-06-19 14:30:00,31.4,0.148,14,30,3,1,35.724259811131816,2115.6877,1,0,0,0,0,0,0,0,0,0,0,0,0,0,0,0,0,0,0,0,0,0,207.38426786100007
2025-06-19 14:45:00,31.35,0.1415,14,45,3,1,35.472793693892314,2061.0667,1,0,0,0,0,0,0,0,0,0,0,0,0,0,0,0,0,0,0,0,0,0,202.01682143400015
2025-06-19 15:00:00,31.3,0.135,15,0,3,1,35.2213275766528,2000.0217,1,0,0,0,0,0,0,0,0,0,0,0,0,0,0,0,0,0,0,0,0,0,196.07382143199996
2025-06-19 15:15:00,31.175,0.1263125,15,15,3,1,34.8156850422428,1878.5001,1,0,0,0,0,0,0,0,0,0,0,0,0,0,0,0,0,0,0,0,0,0,184.11762142900002
2025-06-19 15:30:00,31.05,0.117625,15,30,3,1,34.41004250783279,1804.0278,1,0,0,0,0,0,0,0,0,0,0,0,0,0,0,0,0,0,0,0,0,0,176.70183927900004
2025-06-19 15:45:00,30.925,0.1089375,15,45,3,1,34.00439997342279,1508.4219,1,0,0,0,0,0,0,0,0,0,0,0,0,0,0,0,0,0,0,0,0,0,147.26776785100014
2025-06-19 16:00:00,30.8,0.10025,16,0,3,1,33.598757439012786,1571.6854,1,0,0,0,0,0,0,0,0,0,0,0,0,0,0,0,0,0,0,0,0,0,153.61175000100008
2025-06-19 16:15:00,30.575,0.0908125,16,15,3,1,33.05144267593368,1347.631,1,0,0,0,0,0,0,0,0,0,0,0,0,0,0,0,0,0,0,0,0,0,131.184535707
2025-06-19 16:30:00,30.35,0.081375,16,30,3,1,32.504127912854564,1203.3209,1,0,0,0,0,0,0,0,0,0,0,0,0,0,0,0,0,0,0,0,0,0,117.01217857499998
2025-06-19 16:45:00,30.125,0.0719375,16,45,3,1,31.956813149775456,1086.4324,1,0,0,0,0,0,0,0,0,0,0,0,0,0,0,0,0,0,0,0,0,0,105.53955952599999
2025-06-19 17:00:00,29.9,0.0625,17,0,3,1,31.40949838669634,947.21686,1,0,0,0,0,0,0,0,0,0,0,0,0,0,0,0,0,0,0,0,0,0,92.02841071509994
2025-06-19 17:15:00,29.599999999999998,0.05325,17,15,3,1,30.778047411654775,756.6205,1,0,0,0,0,0,0,0,0,0,0,0,0,0,0,0,0,0,0,0,0,0,73.44298214130009
2025-06-19 17:30:00,29.299999999999997,0.044,17,30,3,1,30.146596436613216,603.5151,1,0,0,0,0,0,0,0,0,0,0,0,0,0,0,0,0,0,0,0,0,0,58.429351190700025
2025-06-19 17:45:00,29.0,0.03475,17,45,3,1,29.51514546157165,483.02695,1,0,0,0,0,0,0,0,0,0,0,0,0,0,0,0,0,0,0,0,0,0,46.77305357270002
2025-06-19 18:00:00,28.7,0.0255,18,0,3,1,28.88369448653009,297.20184,1,0,0,0,0,0,0,0,0,0,0,0,0,0,0,0,0,0,0,0,0,0,28.703035715299993
2025-06-19 18:15:00,28.35,0.02,18,15,3,1,28.30305617462058,243.94118,1,0,0,0,0,0,0,0,0,0,0,0,0,0,0,0,0,0,0,0,0,0,23.51608928570002
2025-06-19 18:30:00,28.0,0.0145,18,30,3,1,27.722417862711062,187.96552,1,0,0,0,0,0,0,0,0,0,0,0,0,0,0,0,0,0,0,0,0,0,18.209339284500004
2025-06-19 18:45:00,27.65,0.009,18,45,3,1,27.141779550801544,108.36275,1,0,0,0,0,0,0,0,0,0,0,0,0,0,0,0,0,0,0,0,0,0,10.4692500003
2025-06-19 19:00:00,27.3,0.0035,19,0,3,0,26.561141238892034,22.404163,1,0,0,0,0,0,0,0,0,0,0,0,0,0,0,0,0,0,0,0,0,0,2.14076785715
2025-06-19 19:15:00,27.025,0.002625,19,15,3,0,26.206562712656,1.6589329,1,0,0,0,0,0,0,0,0,0,0,0,0,0,0,0,0,0,0,0,0,0,0.0
2025-06-19 19:30:00,26.75,0.00175,19,30,3,0,25.851984186419976,1.6589329,1,0,0,0,0,0,0,0,0,0,0,0,0,0,0,0,0,0,0,0,0,0,0.0
2025-06-19 19:45:00,26.475,0.000875,19,45,3,0,25.497405660183947,1.6080983,1,0,0,0,0,0,0,0,0,0,0,0,0,0,0,0,0,0,0,0,0,0,0.0
2025-06-19 20:00:00,26.2,0.0,20,0,3,0,25.142827133947918,1.6080983,1,0,0,0,0,0,0,0,0,0,0,0,0,0,0,0,0,0,0,0,0,0,0.0
2025-06-19 20:15:00,26.075,0.0,20,15,3,0,24.99338429753576,1.6080983,1,0,0,0,0,0,0,0,0,0,0,0,0,0,0,0,0,0,0,0,0,0,0.0
2025-06-19 20:30:00,25.95,0.0,20,30,3,0,24.8439414611236,1.6080983,1,0,0,0,0,0,0,0,0,0,0,0,0,0,0,0,0,0,0,0,0,0,0.0
2025-06-19 20:45:00,25.825,0.0,20,45,3,0,24.69449862471144,1.6080983,1,0,0,0,0,0,0,0,0,0,0,0,0,0,0,0,0,0,0,0,0,0,0.0
2025-06-19 21:00:00,25.7,0.0,21,0,3,0,24.54505578829928,1.6080983,1,0,0,0,0,0,0,0,0,0,0,0,0,0,0,0,0,0,0,0,0,0,0.0
2025-06-19 21:15:00,25.65,0.0,21,15,3,0,24.485278653734415,1.6080983,1,0,0,0,0,0,0,0,0,0,0,0,0,0,0,0,0,0,0,0,0,0,0.0
2025-06-19 21:30:00,25.6,0.0,21,30,3,0,24.425501519169558,1.5143647,1,0,0,0,0,0,0,0,0,0,0,0,0,0,0,0,0,0,0,0,0,0,0.0
2025-06-19 21:45:00,25.55,0.0,21,45,3,0,24.365724384604693,1.5143647,1,0,0,0,0,0,0,0,0,0,0,0,0,0,0,0,0,0,0,0,0,0,0.0
2025-06-19 22:00:00,25.5,0.0,22,0,3,0,24.30594725003983,1.5143647,1,0,0,0,0,0,0,0,0,0,0,0,0,0,0,0,0,0,0,0,0,0,0.0
2025-06-19 22:15:00,25.45,0.0,22,15,3,0,24.246170115474964,1.5143647,1,0,0,0,0,0,0,0,0,0,0,0,0,0,0,0,0,0,0,0,0,0,0.0
2025-06-19 22:30:00,25.4,0.0,22,30,3,0,24.1863929809101,1.5143647,1,0,0,0,0,0,0,0,0,0,0,0,0,0,0,0,0,0,0,0,0,0,0.0
2025-06-19 22:45:00,25.35,0.0,22,45,3,0,24.12661584634524,1.5143647,1,0,0,0,0,0,0,0,0,0,0,0,0,0,0,0,0,0,0,0,0,0,0.0
2025-06-19 23:00:00,25.3,0.0,23,0,3,0,24.066838711780374,1.5143647,1,0,0,0,0,0,0,0,0,0,0,0,0,0,0,0,0,0,0,0,0,0,0.0
2025-06-19 23:15:00,25.225,0.0,23,15,3,0,23.97717300993308,1.5143647,1,0,0,0,0,0,0,0,0,0,0,0,0,0,0,0,0,0,0,0,0,0,0.0
2025-06-19 23:30:00,25.15,0.0,23,30,3,0,23.88750730808578,1.5143647,1,0,0,0,0,0,0,0,0,0,0,0,0,0,0,0,0,0,0,0,0,0,0.0
2025-06-19 23:45:00,25.075,0.0,23,45,3,0,23.797841606238485,1.5059686,1,0,0,0,0,0,0,0,0,0,0,0,0,0,0,0,0,0,0,0,0,0,0.0
2025-06-20 00:00:00,25.0,0.0,0,0,4,0,23.70817590439119,1.2498324,1,0,0,0,0,0,0,0,0,0,0,0,0,0,0,0,0,0,0,0,0,0,0.0
2025-06-20 00:15:00,24.925,0.0,0,15,4,0,23.6185102025439,1.2498324,1,0,0,0,0,0,0,0,0,0,0,0,0,0,0,0,0,0,0,0,0,0,0.0
2025-06-20 00:30:00,24.85,0.0,0,30,4,0,23.528844500696604,1.2498324,1,0,0,0,0,0,0,0,0,0,0,0,0,0,0,0,0,0,0,0,0,0,0.0
2025-06-20 00:45:00,24.775,0.0,0,45,4,0,23.439178798849305,1.2498324,1,0,0,0,0,0,0,0,0,0,0,0,0,0,0,0,0,0,0,0,0,0,0.0
2025-06-20 01:00:00,24.7,0.0,1,0,4,0,23.34951309700201,1.2498324,1,0,0,0,0,0,0,0,0,0,0,0,0,0,0,0,0,0,0,0,0,0,0.0
2025-06-20 01:15:00,24.65,0.0,1,15,4,0,23.289735962437145,1.2498324,1,0,0,0,0,0,0,0,0,0,0,0,0,0,0,0,0,0,0,0,0,0,0.0
2025-06-20 01:30:00,24.6,0.0,1,30,4,0,23.229958827872284,1.2498324,1,0,0,0,0,0,0,0,0,0,0,0,0,0,0,0,0,0,0,0,0,0,0.0
2025-06-20 01:45:00,24.55,0.0,1,45,4,0,23.17018169330742,1.2498324,1,0,0,0,0,0,0,0,0,0,0,0,0,0,0,0,0,0,0,0,0,0,0.0
2025-06-20 02:00:00,24.5,0.0,2,0,4,0,23.110404558742555,1.2498324,1,0,0,0,0,0,0,0,0,0,0,0,0,0,0,0,0,0,0,0,0,0,0.0
2025-06-20 02:15:00,24.425,0.0,2,15,4,0,23.02073885689526,1.2498324,1,0,0,0,0,0,0,0,0,0,0,0,0,0,0,0,0,0,0,0,0,0,0.0
2025-06-20 02:30:00,24.35,0.0,2,30,4,0,22.93107315504797,1.2498324,1,0,0,0,0,0,0,0,0,0,0,0,0,0,0,0,0,0,0,0,0,0,0.0
2025-06-20 02:45:00,24.275,0.0,2,45,4,0,22.84140745320067,1.2498324,1,0,0,0,0,0,0,0,0,0,0,0,0,0,0,0,0,0,0,0,0,0,0.0
2025-06-20 03:00:00,24.2,0.0,3,0,4,0,22.751741751353375,1.2498324,1,0,0,0,0,0,0,0,0,0,0,0,0,0,0,0,0,0,0,0,0,0,0.0
2025-06-20 03:15:00,24.15,0.0,3,15,4,0,22.69196461678851,1.2498324,1,0,0,0,0,0,0,0,0,0,0,0,0,0,0,0,0,0,0,0,0,0,0.0
2025-06-20 03:30:00,24.1,0.0,3,30,4,0,22.63218748222365,1.2498324,1,0,0,0,0,0,0,0,0,0,0,0,0,0,0,0,0,0,0,0,0,0,0.0
2025-06-20 03:45:00,24.05,0.0,3,45,4,0,22.572410347658785,1.2498324,1,0,0,0,0,0,0,0,0,0,0,0,0,0,0,0,0,0,0,0,0,0,0.0
2025-06-20 04:00:00,24.0,0.0,4,0,4,0,22.51263321309392,1.2498324,1,0,0,0,0,0,0,0,0,0,0,0,0,0,0,0,0,0,0,0,0,0,0.0
2025-06-20 04:15:00,24.0,0.0,4,15,4,0,22.51263321309392,1.2498324,1,0,0,0,0,0,0,0,0,0,0,0,0,0,0,0,0,0,0,0,0,0,0.0
2025-06-20 04:30:00,24.0,0.0,4,30,4,0,22.51263321309392,1.2498324,1,0,0,0,0,0,0,0,0,0,0,0,0,0,0,0,0,0,0,0,0,0,0.0
2025-06-20 04:45:00,24.0,0.0,4,45,4,0,22.51263321309392,1.2498324,1,0,0,0,0,0,0,0,0,0,0,0,0,0,0,0,0,0,0,0,0,0,0.0
2025-06-20 05:00:00,24.0,0.0,5,0,4,0,22.51263321309392,1.2498324,1,0,0,0,0,0,0,0,0,0,0,0,0,0,0,0,0,0,0,0,0,0,0.0
2025-06-20 05:15:00,24.075,0.0023125,5,15,4,0,22.67049595685431,1.2498324,1,0,0,0,0,0,0,0,0,0,0,0,0,0,0,0,0,0,0,0,0,0,0.0
2025-06-20 05:30:00,24.15,0.004625,5,30,4,0,22.8283587006147,22.177681,1,0,0,0,0,0,0,0,0,0,0,0,0,0,0,0,0,0,0,0,0,0,2.166999999999999
2025-06-20 05:45:00,24.225,0.0069375,5,45,4,0,22.986221444375094,57.295498,1,0,0,0,0,0,0,0,0,0,0,0,0,0,0,0,0,0,0,0,0,0,5.545571428619997
2025-06-20 06:00:00,24.3,0.00925,6,0,4,1,23.144084188135484,108.54923,1,0,0,0,0,0,0,0,0,0,0,0,0,0,0,0,0,0,0,0,0,0,10.4687321427
2025-06-20 06:15:00,24.425,0.0154375,6,15,4,1,23.476000190747545,200.07166,1,0,0,0,0,0,0,0,0,0,0,0,0,0,0,0,0,0,0,0,0,0,19.29107143029999
2025-06-20 06:30:00,24.55,0.021625,6,30,4,1,23.807916193359606,318.68793,1,0,0,0,0,0,0,0,0,0,0,0,0,0,0,0,0,0,0,0,0,0,30.766321428300035
2025-06-20 06:45:00,24.675,0.0278125,6,45,4,1,24.13983219597167,395.5423,1,0,0,0,0,0,0,0,0,0,0,0,0,0,0,0,0,0,0,0,0,0,38.24166071380003
2025-06-20 07:00:00,24.8,0.034,7,0,4,1,24.471748198583732,475.96536,1,0,0,0,0,0,0,0,0,0,0,0,0,0,0,0,0,0,0,0,0,0,45.98482143060002
2025-06-20 07:15:00,25.0,0.041125,7,15,4,1,24.920977352467315,564.755,1,0,0,0,0,0,0,0,0,0,0,0,0,0,0,0,0,0,0,0,0,0,54.66639285960004
2025-06-20 07:30:00,25.200000000000003,0.04825,7,30,4,1,25.370206506350904,707.0167,1,0,0,0,0,0,0,0,0,0,0,0,0,0,0,0,0,0,0,0,0,0,68.55632142910008
2025-06-20 07:45:00,25.400000000000002,0.055375,7,45,4,1,25.81943566023449,799.268,1,0,0,0,0,0,0,0,0,0,0,0,0,0,0,0,0,0,0,0,0,0,77.48255357250007
2025-06-20 08:00:00,25.6,0.0625,8,0,4,1,26.268664814118075,935.163,1,0,0,0,0,0,0,0,0,0,0,0,0,0,0,0,0,0,0,0,0,0,90.82526785769994
2025-06-20 08:15:00,25.925,0.0714375,8,15,4,1,26.920788539967326,1094.617,1,0,0,0,0,0,0,0,0,0,0,0,0,0,0,0,0,0,0,0,0,0,106.46741070199998
2025-06-20 08:30:00,26.25,0.080375,8,30,4,1,27.572912265816576,1206.1096,1,0,0,0,0,0,0,0,0,0,0,0,0,0,0,0,0,0,0,0,0,0,117.39130358700002
2025-06-20 08:45:00,26.575,0.0893125,8,45,4,1,28.225035991665827,1325.0269,1,0,0,0,0,0,0,0,0,0,0,0,0,0,0,0,0,0,0,0,0,0,128.95791072000003
2025-06-20 09:00:00,26.9,0.09825,9,0,4,1,28.877159717515077,1465.1416,1,0,0,0,0,0,0,0,0,0,0,0,0,0,0,0,0,0,0,0,0,0,142.96460714499986
2025-06-20 09:15:00,27.299999999999997,0.1085625,9,15,4,1,29.65949873770048,1551.4106,1,0,0,0,0,0,0,0,0,0,0,0,0,0,0,0,0,0,0,0,0,0,151.54387499300003
2025-06-20 09:30:00,27.7,0.118875,9,30,4,1,30.441837757885907,1768.9158,1,0,0,0,0,0,0,0,0,0,0,0,0,0,0,0,0,0,0,0,0,0,173.31366071500014
2025-06-20 09:45:00,28.1,0.1291875,9,45,4,1,31.224176778071325,1896.8165,1,0,0,0,0,0,0,0,0,0,0,0,0,0,0,0,0,0,0,0,0,0,185.9034821510001
2025-06-20 10:00:00,28.5,0.1395,10,0,4,1,32.006515798256736,1989.2137,1,0,0,0,0,0,0,0,0,0,0,0,0,0,0,0,0,0,0,0,0,0,195.01442858399983
2025-06-20 10:15:00,28.825,0.148,10,15,4,1,32.64573738104134,2077.8105,1,0,0,0,0,0,0,0,0,0,0,0,0,0,0,0,0,0,0,0,0,0,203.71837500200007
2025-06-20 10:30:00,29.15,0.1565,10,30,4,1,33.28495896382596,2205.281,1,0,0,0,0,0,0,0,0,0,0,0,0,0,0,0,0,0,0,0,0,0,216.25289287700008
2025-06-20 10:45:00,29.475,0.165,10,45,4,1,33.924180546610565,2431.3457,1,0,0,0,0,0,0,0,0,0,0,0,0,0,0,0,0,0,0,0,0,0,238.40508926899997
2025-06-20 11:00:00,29.8,0.1735,11,0,4,1,34.56340212939518,2469.982,1,0,0,0,0,0,0,0,0,0,0,0,0,0,0,0,0,0,0,0,0,0,242.3077857089998
2025-06-20 11:15:00,30.025,0.1775625,11,15,4,1,34.95220484910872,2673.6836,1,0,0,0,0,0,0,0,0,0,0,0,0,0,0,0,0,0,0,0,0,0,262.38458928099993
2025-06-20 11:30:00,30.25,0.181625,11,30,4,1,35.341007568822256,2667.4717,1,0,0,0,0,0,0,0,0,0,0,0,0,0,0,0,0,0,0,0,0,0,261.824285723
2025-06-20 11:45:00,30.475,0.1856875,11,45,4,1,35.7298102885358,2806.0002,1,0,0,0,0,0,0,0,0,0,0,0,0,0,0,0,0,0,0,0,0,0,275.397089289
2025-06-20 12:00:00,30.7,0.18975,12,0,4,1,36.11861300824933,2831.156,1,0,0,0,0,0,0,0,0,0,0,0,0,0,0,0,0,0,0,0,0,0,277.7041964149998
2025-06-20 12:15:00,30.85,0.1896875,12,15,4,1,36.29610124864898,3005.5828,1,0,0,0,0,0,0,0,0,0,0,0,0,0,0,0,0,0,0,0,0,0,295.02878569799975
2025-06-20 12:30:00,31.0,0.189625,12,30,4,1,36.47358948904862,2939.1062,1,0,0,0,0,0,0,0,0,0,0,0,0,0,0,0,0,0,0,0,0,0,288.4592678619998
2025-06-20 12:45:00,31.15,0.1895625,12,45,4,1,36.65107772944827,2733.6396,1,0,0,0,0,0,0,0,0,0,0,0,0,0,0,0,0,0,0,0,0,0,268.2954642989999
2025-06-20 13:00:00,31.3,0.1895,13,0,4,1,36.82856596984791,2834.8872,1,0,0,0,0,0,0,0,0,0,0,0,0,0,0,0,0,0,0,0,0,0,278.0632500060001
2025-06-20 13:15:00,31.35,0.185875,13,15,4,1,36.781439633305766,2795.2732,1,0,0,0,0,0,0,0,0,0,0,0,0,0,0,0,0,0,0,0,0,0,274.3230535709999
2025-06-20 13:30:00,31.4,0.18225,13,30,4,1,36.7343132967636,2656.4333,1,0,0,0,0,0,0,0,0,0,0,0,0,0,0,0,0,0,0,0,0,0,260.5415000000001
2025-06-20 13:45:00,31.45,0.178625,13,45,4,1,36.68718696022145,2666.5437,1,0,0,0,0,0,0,0,0,0,0,0,0,0,0,0,0,0,0,0,0,0,261.51142857199994
2025-06-20 14:00:00,31.5,0.175,14,0,4,1,36.640060623679304,2506.426,1,0,0,0,0,0,0,0,0,0,0,0,0,0,0,0,0,0,0,0,0,0,245.8046428590001
2025-06-20 14:15:00,31.4,0.1689375,14,15,4,1,36.34171951493957,2487.5974,1,0,0,0,0,0,0,0,0,0,0,0,0,0,0,0,0,0,0,0,0,0,243.991053584
2025-06-20 14:30:00,31.3,0.162875,14,30,4,1,36.043378406199835,2247.6436,1,0,0,0,0,0,0,0,0,0,0,0,0,0,0,0,0,0,0,0,0,0,220.40228571299977
2025-06-20 14:45:00,31.200000000000003,0.1568125,14,45,4,1,35.74503729746011,2254.0051,1,0,0,0,0,0,0,0,0,0,0,0,0,0,0,0,0,0,0,0,0,0,220.98149999099974
2025-06-20 15:00:00,31.1,0.15075,15,0,4,1,35.446696188720374,2169.7283,1,0,0,0,0,0,0,0,0,0,0,0,0,0,0,0,0,0,0,0,0,0,212.71917857299988
2025-06-20 15:15:00,30.875,0.142125,15,15,4,1,34.92334254847559,2137.5576,1,0,0,0,0,0,0,0,0,0,0,0,0,0,0,0,0,0,0,0,0,0,209.54230357099988
2025-06-20 15:30:00,30.65,0.1335,15,30,4,1,34.39998890823081,2006.8618,1,0,0,0,0,0,0,0,0,0,0,0,0,0,0,0,0,0,0,0,0,0,196.7484821710001
2025-06-20 15:45:00,30.425,0.124875,15,45,4,1,33.876635267986025,1855.7776,1,0,0,0,0,0,0,0,0,0,0,0,0,0,0,0,0,0,0,0,0,0,181.884249999
2025-06-20 16:00:00,30.2,0.11625,16,0,4,1,33.35328162774125,1730.6952,1,0,0,0,0,0,0,0,0,0,0,0,0,0,0,0,0,0,0,0,0,0,169.52607143199992
2025-06-20 16:15:00,29.975,0.1053125,16,15,4,1,32.76173094558337,1587.6583,1,0,0,0,0,0,0,0,0,0,0,0,0,0,0,0,0,0,0,0,0,0,155.26885714100013
2025-06-20 16:30:00,29.75,0.094375,16,30,4,1,32.17018026342549,1348.2511,1,0,0,0,0,0,0,0,0,0,0,0,0,0,0,0,0,0,0,0,0,0,131.27891070100003
2025-06-20 16:45:00,29.525,0.0834375,16,45,4,1,31.578629581267613,1209.8553,1,0,0,0,0,0,0,0,0,0,0,0,0,0,0,0,0,0,0,0,0,0,117.7202857129999
2025-06-20 17:00:00,29.3,0.0725,17,0,4,1,30.987078899109747,1084.1481,1,0,0,0,0,0,0,0,0,0,0,0,0,0,0,0,0,0,0,0,0,0,105.28583929000003
2025-06-20 17:15:00,29.05,0.061125,17,15,4,1,30.352737506604797,886.0982,1,0,0,0,0,0,0,0,0,0,0,0,0,0,0,0,0,0,0,0,0,0,86.0672857133001
2025-06-20 17:30:00,28.8,0.04975,17,30,4,1,29.718396114099846,704.8961,1,0,0,0,0,0,0,0,0,0,0,0,0,0,0,0,0,0,0,0,0,0,68.2978392859001
2025-06-20 17:45:00,28.55,0.038375,17,45,4,1,29.084054721594896,516.2445,1,0,0,0,0,0,0,0,0,0,0,0,0,0,0,0,0,0,0,0,0,0,49.88805357089999
2025-06-20 18:00:00,28.3,0.027,18,0,4,1,28.449713329089946,369.6166,1,0,0,0,0,0,0,0,0,0,0,0,0,0,0,0,0,0,0,0,0,0,35.712482142799956
2025-06-20 18:15:00,28.025,0.0209375,18,15,4,1,27.942152249373187,264.6995,1,0,0,0,0,0,0,0,0,0,0,0,0,0,0,0,0,0,0,0,0,0,25.574250001100005
2025-06-20 18:30:00,27.75,0.014875,18,30,4,1,27.434591169656436,187.96552,1,0,0,0,0,0,0,0,0,0,0,0,0,0,0,0,0,0,0,0,0,0,18.209339284500004
2025-06-20 18:45:00,27.475,0.0088125,18,45,4,1,26.927030089939684,110.09863,1,0,0,0,0,0,0,0,0,0,0,0,0,0,0,0,0,0,0,0,0,0,10.624785713000003
2025-06-20 19:00:00,27.2,0.00275,19,0,4,0,26.419469010222926,1.6589329,1,0,0,0,0,0,0,0,0,0,0,0,0,0,0,0,0,0,0,0,0,0,0.0
2025-06-20 19:15:00,26.975,0.0020625,19,15,4,0,26.130197108436604,1.6589329,1,0,0,0,0,0,0,0,0,0,0,0,0,0,0,0,0,0,0,0,0,0,0.0
2025-06-20 19:30:00,26.75,0.001375,19,30,4,0,25.840925206650283,1.6589329,1,0,0,0,0,0,0,0,0,0,0,0,0,0,0,0,0,0,0,0,0,0,0.0
2025-06-20 19:45:00,26.525,0.0006875,19,45,4,0,25.55165330486396,1.6289494,1,0,0,0,0,0,0,0,0,0,0,0,0,0,0,0,0,0,0,0,0,0,0.0
2025-06-20 20:00:00,26.3,0.0,20,0,4,0,25.262381403077647,1.6080983,1,0,0,0,0,0,0,0,0,0,0,0,0,0,0,0,0,0,0,0,0,0,0.0
2025-06-20 20:15:00,26.175,0.0,20,15,4,0,25.112938566665488,1.6080983,1,0,0,0,0,0,0,0,0,0,0,0,0,0,0,0,0,0,0,0,0,0,0.0
2025-06-20 20:30:00,26.05,0.0,20,30,4,0,24.963495730253328,1.6080983,1,0,0,0,0,0,0,0,0,0,0,0,0,0,0,0,0,0,0,0,0,0,0.0
2025-06-20 20:45:00,25.925,0.0,20,45,4,0,24.81405289384117,1.6080983,1,0,0,0,0,0,0,0,0,0,0,0,0,0,0,0,0,0,0,0,0,0,0.0
2025-06-20 21:00:00,25.8,0.0,21,0,4,0,24.66461005742901,1.6080983,1,0,0,0,0,0,0,0,0,0,0,0,0,0,0,0,0,0,0,0,0,0,0.0
2025-06-20 21:15:00,25.75,0.0,21,15,4,0,24.604832922864144,1.6080983,1,0,0,0,0,0,0,0,0,0,0,0,0,0,0,0,0,0,0,0,0,0,0.0
2025-06-20 21:30:00,25.700000000000003,0.0,21,30,4,0,24.545055788299287,1.6080983,1,0,0,0,0,0,0,0,0,0,0,0,0,0,0,0,0,0,0,0,0,0,0.0
2025-06-20 21:45:00,25.650000000000002,0.0,21,45,4,0,24.485278653734422,1.6080983,1,0,0,0,0,0,0,0,0,0,0,0,0,0,0,0,0,0,0,0,0,0,0.0
2025-06-20 22:00:00,25.6,0.0,22,0,4,0,24.425501519169558,1.5143647,1,0,0,0,0,0,0,0,0,0,0,0,0,0,0,0,0,0,0,0,0,0,0.0
2025-06-20 22:15:00,25.525000000000002,0.0,22,15,4,0,24.335835817322263,1.5143647,1,0,0,0,0,0,0,0,0,0,0,0,0,0,0,0,0,0,0,0,0,0,0.0
2025-06-20 22:30:00,25.450000000000003,0.0,22,30,4,0,24.246170115474968,1.5143647,1,0,0,0,0,0,0,0,0,0,0,0,0,0,0,0,0,0,0,0,0,0,0.0
2025-06-20 22:45:00,25.375,0.0,22,45,4,0,24.15650441362767,1.5143647,1,0,0,0,0,0,0,0,0,0,0,0,0,0,0,0,0,0,0,0,0,0,0.0
2025-06-20 23:00:00,25.3,0.0,23,0,4,0,24.066838711780374,1.5143647,1,0,0,0,0,0,0,0,0,0,0,0,0,0,0,0,0,0,0,0,0,0,0.0
2025-06-20 23:15:00,25.25,0.0,23,15,4,0,24.00706157721551,1.5143647,1,0,0,0,0,0,0,0,0,0,0,0,0,0,0,0,0,0,0,0,0,0,0.0
2025-06-20 23:30:00,25.200000000000003,0.0,23,30,4,0,23.94728444265065,1.5143647,1,0,0,0,0,0,0,0,0,0,0,0,0,0,0,0,0,0,0,0,0,0,0.0
2025-06-20 23:45:00,25.150000000000002,0.0,23,45,4,0,23.887507308085784,1.5143647,1,0,0,0,0,0,0,0,0,0,0,0,0,0,0,0,0,0,0,0,0,0,0.0
2025-06-21 00:00:00,25.1,0.0,0,0,5,0,23.82773017352092,1.2498324,1,0,0,0,0,0,0,0,0,0,0,0,0,0,0,0,0,0,0,0,0,0,0.0
2025-06-21 00:15:00,25.025000000000002,0.0,0,15,5,0,23.738064471673628,1.2498324,1,0,0,0,0,0,0,0,0,0,0,0,0,0,0,0,0,0,0,0,0,0,0.0
2025-06-21 00:30:00,24.950000000000003,0.0,0,30,5,0,23.648398769826333,1.2498324,1,0,0,0,0,0,0,0,0,0,0,0,0,0,0,0,0,0,0,0,0,0,0.0
2025-06-21 00:45:00,24.875,0.0,0,45,5,0,23.558733067979034,1.2498324,1,0,0,0,0,0,0,0,0,0,0,0,0,0,0,0,0,0,0,0,0,0,0.0
2025-06-21 01:00:00,24.8,0.0,1,0,5,0,23.46906736613174,1.2498324,1,0,0,0,0,0,0,0,0,0,0,0,0,0,0,0,0,0,0,0,0,0,0.0
2025-06-21 01:15:00,24.75,0.0,1,15,5,0,23.409290231566874,1.2498324,1,0,0,0,0,0,0,0,0,0,0,0,0,0,0,0,0,0,0,0,0,0,0.0
2025-06-21 01:30:00,24.700000000000003,0.0,1,30,5,0,23.349513097002013,1.2498324,1,0,0,0,0,0,0,0,0,0,0,0,0,0,0,0,0,0,0,0,0,0,0.0
2025-06-21 01:45:00,24.650000000000002,0.0,1,45,5,0,23.28973596243715,1.2498324,1,0,0,0,0,0,0,0,0,0,0,0,0,0,0,0,0,0,0,0,0,0,0.0
2025-06-21 02:00:00,24.6,0.0,2,0,5,0,23.229958827872284,1.2498324,1,0,0,0,0,0,0,0,0,0,0,0,0,0,0,0,0,0,0,0,0,0,0.0
2025-06-21 02:15:00,24.525000000000002,0.0,2,15,5,0,23.14029312602499,1.2498324,1,0,0,0,0,0,0,0,0,0,0,0,0,0,0,0,0,0,0,0,0,0,0.0
2025-06-21 02:30:00,24.450000000000003,0.0,2,30,5,0,23.050627424177694,1.2498324,1,0,0,0,0,0,0,0,0,0,0,0,0,0,0,0,0,0,0,0,0,0,0.0
2025-06-21 02:45:00,24.375,0.0,2,45,5,0,22.960961722330396,1.2498324,1,0,0,0,0,0,0,0,0,0,0,0,0,0,0,0,0,0,0,0,0,0,0.0
2025-06-21 03:00:00,24.3,0.0,3,0,5,0,22.871296020483104,1.2498324,1,0,0,0,0,0,0,0,0,0,0,0,0,0,0,0,0,0,0,0,0,0,0.0
2025-06-21 03:15:00,24.225,0.0,3,15,5,0,22.78163031863581,1.2498324,1,0,0,0,0,0,0,0,0,0,0,0,0,0,0,0,0,0,0,0,0,0,0.0
2025-06-21 03:30:00,24.15,0.0,3,30,5,0,22.69196461678851,1.2498324,1,0,0,0,0,0,0,0,0,0,0,0,0,0,0,0,0,0,0,0,0,0,0.0
2025-06-21 03:45:00,24.075,0.0,3,45,5,0,22.602298914941215,1.2498324,1,0,0,0,0,0,0,0,0,0,0,0,0,0,0,0,0,0,0,0,0,0,0.0
2025-06-21 04:00:00,24.0,0.0,4,0,5,0,22.51263321309392,1.2498324,1,0,0,0,0,0,0,0,0,0,0,0,0,0,0,0,0,0,0,0,0,0,0.0
2025-06-21 04:15:00,24.0,0.0,4,15,5,0,22.51263321309392,1.2498324,1,0,0,0,0,0,0,0,0,0,0,0,0,0,0,0,0,0,0,0,0,0,0.0
2025-06-21 04:30:00,24.0,0.0,4,30,5,0,22.51263321309392,1.2498324,1,0,0,0,0,0,0,0,0,0,0,0,0,0,0,0,0,0,0,0,0,0,0.0
2025-06-21 04:45:00,24.0,0.0,4,45,5,0,22.51263321309392,1.2498324,1,0,0,0,0,0,0,0,0,0,0,0,0,0,0,0,0,0,0,0,0,0,0.0
2025-06-21 05:00:00,24.0,0.0,5,0,5,0,22.51263321309392,1.2498324,1,0,0,0,0,0,0,0,0,0,0,0,0,0,0,0,0,0,0,0,0,0,0.0
2025-06-21 05:15:00,24.05,0.002125,5,15,5,0,22.635077899687033,1.2498324,1,0,0,0,0,0,0,0,0,0,0,0,0,0,0,0,0,0,0,0,0,0,0.0
2025-06-21 05:30:00,24.1,0.00425,5,30,5,0,22.75752258628015,22.177681,1,0,0,0,0,0,0,0,0,0,0,0,0,0,0,0,0,0,0,0,0,0,2.166999999999999
2025-06-21 05:45:00,24.15,0.006375,5,45,5,0,22.87996727287326,57.295498,1,0,0,0,0,0,0,0,0,0,0,0,0,0,0,0,0,0,0,0,0,0,5.544571428589997
2025-06-21 06:00:00,24.2,0.0085,6,0,5,1,23.002411959466375,84.553406,1,0,0,0,0,0,0,0,0,0,0,0,0,0,0,0,0,0,0,0,0,0,8.148732142940005
2025-06-21 06:15:00,24.3,0.0140625,6,15,5,1,23.28600776184652,200.07166,1,0,0,0,0,0,0,0,0,0,0,0,0,0,0,0,0,0,0,0,0,0,19.23598214439999
2025-06-21 06:30:00,24.4,0.019625,6,30,5,1,23.56960356422666,281.104,1,0,0,0,0,0,0,0,0,0,0,0,0,0,0,0,0,0,0,0,0,0,27.1778750024
2025-06-21 06:45:00,24.5,0.0251875,6,45,5,1,23.85319936660681,349.0299,1,0,0,0,0,0,0,0,0,0,0,0,0,0,0,0,0,0,0,0,0,0,33.71746428529998
2025-06-21 07:00:00,24.6,0.03075,7,0,5,1,24.136795168986954,434.13284,1,0,0,0,0,0,0,0,0,0,0,0,0,0,0,0,0,0,0,0,0,0,41.98914285900001
2025-06-21 07:15:00,24.775000000000002,0.037125,7,15,5,1,24.53401779604873,510.38852,1,0,0,0,0,0,0,0,0,0,0,0,0,0,0,0,0,0,0,0,0,0,49.38614285679995
2025-06-21 07:30:00,24.950000000000003,0.0435,7,30,5,1,24.931240423110502,611.02594,1,0,0,0,0,0,0,0,0,0,0,0,0,0,0,0,0,0,0,0,0,0,59.164767858499964
2025-06-21 07:45:00,25.125,0.049875,7,45,5,1,25.328463050172267,717.7008,1,0,0,0,0,0,0,0,0,0,0,0,0,0,0,0,0,0,0,0,0,0,69.5504285703999
2025-06-21 08:00:00,25.3,0.05625,8,0,5,1,25.72568567723404,823.93097,1,0,0,0,0,0,0,0,0,0,0,0,0,0,0,0,0,0,0,0,0,0,79.95707142949999
2025-06-21 08:15:00,25.6,0.0641875,8,15,5,1,26.318430223081684,982.42004,1,0,0,0,0,0,0,0,0,0,0,0,0,0,0,0,0,0,0,0,0,0,95.44069642939999
2025-06-21 08:30:00,25.9,0.072125,8,30,5,1,26.91117476892932,1074.2755,1,0,0,0,0,0,0,0,0,0,0,0,0,0,0,0,0,0,0,0,0,0,104.44689286600001
2025-06-21 08:45:00,26.2,0.0800625,8,45,5,1,27.503919314776965,1200.3541,1,0,0,0,0,0,0,0,0,0,0,0,0,0,0,0,0,0,0,0,0,0,116.84512500099993
2025-06-21 09:00:00,26.5,0.088,9,0,5,1,28.09666386062461,1285.8763,1,0,0,0,0,0,0,0,0,0,0,0,0,0,0,0,0,0,0,0,0,0,125.10733929199999
2025-06-21 09:15:00,26.85,0.0970625,9,15,5,1,28.782362480346194,1480.5756,1,0,0,0,0,0,0,0,0,0,0,0,0,0,0,0,0,0,0,0,0,0,144.46625000100005
2025-06-21 09:30:00,27.2,0.106125,9,30,5,1,29.46806110006777,1530.6875,1,0,0,0,0,0,0,0,0,0,0,0,0,0,0,0,0,0,0,0,0,0,149.54807500599992
2025-06-21 09:45:00,27.549999999999997,0.1151875,9,45,5,1,30.15375971978935,1734.3635,1,0,0,0,0,0,0,0,0,0,0,0,0,0,0,0,0,0,0,0,0,0,170.03299999699982
2025-06-21 10:00:00,27.9,0.12425,10,0,5,1,30.839458339510927,1761.1116,1,0,0,0,0,0,0,0,0,0,0,0,0,0,0,0,0,0,0,0,0,0,172.45735714199998
2025-06-21 10:15:00,28.2,0.13175,10,15,5,1,31.419300742293935,1902.4008,1,0,0,0,0,0,0,0,0,0,0,0,0,0,0,0,0,0,0,0,0,0,186.44476784300002
2025-06-21 10:30:00,28.5,0.13925,10,30,5,1,31.999143145076943,2036.1725,1,0,0,0,0,0,0,0,0,0,0,0,0,0,0,0,0,0,0,0,0,0,199.60674999200018
2025-06-21 10:45:00,28.8,0.14675,10,45,5,1,32.57898554785994,2089.0447,1,0,0,0,0,0,0,0,0,0,0,0,0,0,0,0,0,0,0,0,0,0,204.70021426899987
2025-06-21 11:00:00,29.1,0.15425,11,0,5,1,33.158827950642944,2207.649,1,0,0,0,0,0,0,0,0,0,0,0,0,0,0,0,0,0,0,0,0,0,216.44589286400011
2025-06-21 11:15:00,29.325000000000003,0.1584375,11,15,5,1,33.55131699694639,2258.86,1,0,0,0,0,0,0,0,0,0,0,0,0,0,0,0,0,0,0,0,0,0,221.48310714300004
2025-06-21 11:30:00,29.55,0.162625,11,30,5,1,33.943806043249815,2254.9912,1,0,0,0,0,0,0,0,0,0,0,0,0,0,0,0,0,0,0,0,0,0,221.11241071799984
2025-06-21 11:45:00,29.775,0.1668125,11,45,5,1,34.33629508955325,2444.5598,1,0,0,0,0,0,0,0,0,0,0,0,0,0,0,0,0,0,0,0,0,0,239.77541072900019
2025-06-21 12:00:00,30.0,0.171,12,0,5,1,34.7287841358567,2503.698,1,0,0,0,0,0,0,0,0,0,0,0,0,0,0,0,0,0,0,0,0,0,245.5915535830001
2025-06-21 12:15:00,30.15,0.171625,12,15,5,1,34.92654717250076,2492.0496,1,0,0,0,0,0,0,0,0,0,0,0,0,0,0,0,0,0,0,0,0,0,244.45341071399997
2025-06-21 12:30:00,30.3,0.17225,12,30,5,1,35.124310209144845,2517.593,1,0,0,0,0,0,0,0,0,0,0,0,0,0,0,0,0,0,0,0,0,0,247.06678572000013
2025-06-21 12:45:00,30.450000000000003,0.172875,12,45,5,1,35.32207324578892,2523.9546,1,0,0,0,0,0,0,0,0,0,0,0,0,0,0,0,0,0,0,0,0,0,247.6031071449999
2025-06-21 13:00:00,30.6,0.1735,13,0,5,1,35.519836282433,2528.6855,1,0,0,0,0,0,0,0,0,0,0,0,0,0,0,0,0,0,0,0,0,0,248.064607143
2025-06-21 13:15:00,30.650000000000002,0.1701875,13,15,5,1,35.48192576236559,2513.911,1,0,0,0,0,0,0,0,0,0,0,0,0,0,0,0,0,0,0,0,0,0,246.55071428299988
2025-06-21 13:30:00,30.700000000000003,0.166875,13,30,5,1,35.444015242298185,2505.3523,1,0,0,0,0,0,0,0,0,0,0,0,0,0,0,0,0,0,0,0,0,0,245.67821428800025
2025-06-21 13:45:00,30.75,0.1635625,13,45,5,1,35.40610472223077,2511.7139,1,0,0,0,0,0,0,0,0,0,0,0,0,0,0,0,0,0,0,0,0,0,246.48162500100005
2025-06-21 14:00:00,30.8,0.16025,14,0,5,1,35.368194202163366,2281.4163,1,0,0,0,0,0,0,0,0,0,0,0,0,0,0,0,0,0,0,0,0,0,223.76282143400007
2025-06-21 14:15:00,30.7,0.1533125,14,15,5,1,35.044048807294345,2233.6125,1,0,0,0,0,0,0,0,0,0,0,0,0,0,0,0,0,0,0,0,0,0,219.03600000099988
2025-06-21 14:30:00,30.6,0.146375,14,30,5,1,34.71990341242534,2141.511,1,0,0,0,0,0,0,0,0,0,0,0,0,0,0,0,0,0,0,0,0,0,210.00728570899994
2025-06-21 14:45:00,30.5,0.1394375,14,45,5,1,34.395758017556325,2091.945,1,0,0,0,0,0,0,0,0,0,0,0,0,0,0,0,0,0,0,0,0,0,205.07755357299982
2025-06-21 15:00:00,30.4,0.1325,15,0,5,1,34.07161262268731,2007.6936,1,0,0,0,0,0,0,0,0,0,0,0,0,0,0,0,0,0,0,0,0,0,196.80819643899991
2025-06-21 15:15:00,30.224999999999998,0.12325,15,15,5,1,33.58960448405791,1836.5415,1,0,0,0,0,0,0,0,0,0,0,0,0,0,0,0,0,0,0,0,0,0,179.955732146
2025-06-21 15:30:00,30.049999999999997,0.114,15,30,5,1,33.107596345428504,1745.926,1,0,0,0,0,0,0,0,0,0,0,0,0,0,0,0,0,0,0,0,0,0,171.07825000700007
2025-06-21 15:45:00,29.875,0.10475,15,45,5,1,32.62558820679911,1507.2727,1,0,0,0,0,0,0,0,0,0,0,0,0,0,0,0,0,0,0,0,0,0,147.14402856600017
2025-06-21 16:00:00,29.7,0.0955,16,0,5,1,32.1435800681697,1349.8007,1,0,0,0,0,0,0,0,0,0,0,0,0,0,0,0,0,0,0,0,0,0,131.29510712800007
2025-06-21 16:15:00,29.5,0.0858125,16,15,5,1,31.61878121919323,1270.3799,1,0,0,0,0,0,0,0,0,0,0,0,0,0,0,0,0,0,0,0,0,0,123.58749999399987
2025-06-21 16:30:00,29.299999999999997,0.076125,16,30,5,1,31.09398237021675,1077.4609,1,0,0,0,0,0,0,0,0,0,0,0,0,0,0,0,0,0,0,0,0,0,104.79014286100008
2025-06-21 16:45:00,29.099999999999998,0.0664375,16,45,5,1,30.569183521240276,960.9681,1,0,0,0,0,0,0,0,0,0,0,0,0,0,0,0,0,0,0,0,0,0,93.40160714239994
2025-06-21 17:00:00,28.9,0.05675,17,0,5,1,30.044384672263803,829.40625,1,0,0,0,0,0,0,0,0,0,0,0,0,0,0,0,0,0,0,0,0,0,80.46478571550003
2025-06-21 17:15:00,28.724999999999998,0.0478125,17,15,5,1,29.571592350109135,728.2055,1,0,0,0,0,0,0,0,0,0,0,0,0,0,0,0,0,0,0,0,0,0,70.60176785729999
2025-06-21 17:30:00,28.549999999999997,0.038875,17,30,5,1,29.098800027954482,561.17053,1,0,0,0,0,0,0,0,0,0,0,0,0,0,0,0,0,0,0,0,0,0,54.36485714449996
2025-06-21 17:45:00,28.375,0.0299375,17,45,5,1,28.62600770579982,429.74677,1,0,0,0,0,0,0,0,0,0,0,0,0,0,0,0,0,0,0,0,0,0,41.58964285799997
2025-06-21 18:00:00,28.2,0.021,18,0,5,1,28.15321538364516,252.48386,1,0,0,0,0,0,0,0,0,0,0,0,0,0,0,0,0,0,0,0,0,0,24.40919642940001
2025-06-21 18:15:00,28.0,0.0163125,18,15,5,1,27.77586959826457,188.74338,1,0,0,0,0,0,0,0,0,0,0,0,0,0,0,0,0,0,0,0,0,0,18.243982141300002
2025-06-21 18:30:00,27.799999999999997,0.011625,18,30,5,1,27.398523812883973,125.945465,1,0,0,0,0,0,0,0,0,0,0,0,0,0,0,0,0,0,0,0,0,0,12.163559525700014
2025-06-21 18:45:00,27.599999999999998,0.0069375,18,45,5,1,27.02117802750338,62.289925,1,0,0,0,0,0,0,0,0,0,0,0,0,0,0,0,0,0,0,0,0,0,6.028571428520001
2025-06-21 19:00:00,27.4,0.00225,19,0,5,0,26.643832242122784,2.0170298,1,0,0,0,0,0,0,0,0,0,0,0,0,0,0,0,0,0,0,0,0,0,0.0
2025-06-21 19:15:00,27.224999999999998,0.0016875,19,15,5,0,26.41802380149123,2.0170298,1,0,0,0,0,0,0,0,0,0,0,0,0,0,0,0,0,0,0,0,0,0,0.0
2025-06-21 19:30:00,27.049999999999997,0.001125,19,30,5,0,26.19221536085967,2.0170298,1,0,0,0,0,0,0,0,0,0,0,0,0,0,0,0,0,0,0,0,0,0,0.0
2025-06-21 19:45:00,26.875,0.0005625,19,45,5,0,25.96640692022811,2.0170298,1,0,0,0,0,0,0,0,0,0,0,0,0,0,0,0,0,0,0,0,0,0,0.0
2025-06-21 20:00:00,26.7,0.0,20,0,5,0,25.740598479596553,2.0170298,1,0,0,0,0,0,0,0,0,0,0,0,0,0,0,0,0,0,0,0,0,0,0.0
2025-06-21 20:15:00,26.575,0.0,20,15,5,0,25.591155643184393,1.9870462,1,0,0,0,0,0,0,0,0,0,0,0,0,0,0,0,0,0,0,0,0,0,0.0
2025-06-21 20:30:00,26.45,0.0,20,30,5,0,25.441712806772234,1.9661951,1,0,0,0,0,0,0,0,0,0,0,0,0,0,0,0,0,0,0,0,0,0,0.0
2025-06-21 20:45:00,26.325,0.0,20,45,5,0,25.292269970360074,1.9661951,1,0,0,0,0,0,0,0,0,0,0,0,0,0,0,0,0,0,0,0,0,0,0.0
2025-06-21 21:00:00,26.2,0.0,21,0,5,0,25.142827133947918,1.9661951,1,0,0,0,0,0,0,0,0,0,0,0,0,0,0,0,0,0,0,0,0,0,0.0
2025-06-21 21:15:00,26.1,0.0,21,15,5,0,25.023272864818193,1.9661951,1,0,0,0,0,0,0,0,0,0,0,0,0,0,0,0,0,0,0,0,0,0,0.0
2025-06-21 21:30:00,26.0,0.0,21,30,5,0,24.903718595688463,1.9661951,1,0,0,0,0,0,0,0,0,0,0,0,0,0,0,0,0,0,0,0,0,0,0.0
2025-06-21 21:45:00,25.9,0.0,21,45,5,0,24.784164326558734,1.9661951,1,0,0,0,0,0,0,0,0,0,0,0,0,0,0,0,0,0,0,0,0,0,0.0
2025-06-21 22:00:00,25.8,0.0,22,0,5,0,24.66461005742901,1.9661951,1,0,0,0,0,0,0,0,0,0,0,0,0,0,0,0,0,0,0,0,0,0,0.0
2025-06-21 22:15:00,25.725,0.0,22,15,5,0,24.574944355581714,1.9661951,1,0,0,0,0,0,0,0,0,0,0,0,0,0,0,0,0,0,0,0,0,0,0.0
2025-06-21 22:30:00,25.65,0.0,22,30,5,0,24.485278653734415,1.9661951,1,0,0,0,0,0,0,0,0,0,0,0,0,0,0,0,0,0,0,0,0,0,0.0
2025-06-21 22:45:00,25.575,0.0,22,45,5,0,24.395612951887124,1.5143647,1,0,0,0,0,0,0,0,0,0,0,0,0,0,0,0,0,0,0,0,0,0,0.0
2025-06-21 23:00:00,25.5,0.0,23,0,5,0,24.30594725003983,1.5143647,1,0,0,0,0,0,0,0,0,0,0,0,0,0,0,0,0,0,0,0,0,0,0.0
